station_code,state,district,block_name,latitude,longitude,monitoring_date,ground_water_level,anomaly_score,risk_level,forecast_level
130746,Karnataka,Kolar,Kolar,13.1965,78.050574,2026-01-06 12:01:11,17.087,0.2942823964534853,SAFE,17.77
131008,Karnataka,Chikkaballapura,Sidlaghatta,13.242651,77.929747,2026-01-15 12:01:09,6.086,0.3434360944308314,SAFE,5.694333333333333
130527,Karnataka,Chikkaballapura,Gauribidanur,13.73001,77.61131,2026-01-16 12:01:10,1.441,0.1976866726500009,SAFE,3.184333333333333
130401,Karnataka,Chikkaballapura,Chintamani,13.594056,78.033931,2026-01-17 12:01:12,1.34,0.3156090232718763,SAFE,1.1963333333333332
010841,Karnataka,Ramanagara,Kanakapura,12.5694508,77.432218,2026-01-19 12:01:11,6.034,0.362849897294323,SAFE,6.144333333333333
250546,Karnataka,Tumakuru,Madhugiri,13.763093,77.394953,2026-01-20 12:01:11,9.679,0.3629841646100099,SAFE,9.770666666666669
060728,Karnataka,Chikkamagaluru,Tarikere,13.670206,75.926626,2026-01-23 12:01:10,30.18,0.2936729629077677,SAFE,29.073666666666668
070546,Karnataka,Chitradurga,Hiriyur,14.1115,76.7995,2026-01-23 12:01:11,6.667,0.2978345471997612,SAFE,5.728333333333333
150613,Karnataka,Mysuru,K R Nagar,12.43585,76.37975,2026-01-25 12:01:00,13.872,0.3674072449644942,SAFE,13.844333333333331
030610,Karnataka,Vijayanagara,Kotturu,14.823017,76.217366,2026-02-05 12:02:00,9.976,0.3658436426255217,SAFE,9.986333333333334
250326,Karnataka,Tumakuru,Koratagere,13.529907,77.301653,2026-02-06 07:02:50,1.599,0.2255614981100405,SAFE,0.065
130927,Karnataka,Kolar,Mulbagal,13.10214,78.412482,2026-02-06 12:02:09,8.519,0.3063775525101507,SAFE,9.546333333333337
160904,Karnataka,Koppal,Yelbarga,15.5656,76.1715,2026-02-11 12:02:00,20.775,0.319160056198587,SAFE,21.447333333333333
100207,Karnataka,Kalaburagi,Aland,17.649729,76.571478,2026-02-16 12:02:10,53.967,0.2714510922134742,SAFE,53.99
011108,Karnataka,Ramanagara,Ramanagaram,12.727012,77.285382,2026-02-17 12:02:00,184.83,0.0359666930044954,SAFE,184.818
250331,Karnataka,Tumakuru,Koratagere,13.45093,77.332188,2026-02-17 12:02:11,8.473,0.1846326088988689,SAFE,9.287666666666668
130542,Karnataka,Chikkaballapura,Gauribidanur,13.75682,77.63555,2026-02-18 12:02:09,0.018,0.3008211681452928,SAFE,0.03
170229,Karnataka,Davangere,Channagiri,14.0043,75.893,2026-02-22 06:02:09,0.16,0.2966204171836399,SAFE,0.395
060701HP,Karnataka,Chikkamagaluru,Tarikere,13.709418,75.811513,2026-02-22 12:02:00,7.684,0.3653525991232704,SAFE,7.681999999999999
070510,Karnataka,Chitradurga,Hiriyur,13.9593,76.61311,2026-02-22 12:02:00,2.489,0.3411309168420228,SAFE,2.4926666666666666
070913,Karnataka,Chitradurga,Molakalmuru,14.7189,76.74024,2026-02-22 12:02:00,13.17,0.3677136499284397,SAFE,13.159999999999998
070403,Karnataka,Davangere,Harihar,14.57,75.872,2026-02-22 12:02:00,4.09,0.3550413944619764,SAFE,4.053
130809,Karnataka,Kolar,Malur,13.00278,78.0125,2026-02-22 12:02:00,18.251,0.3564539503685293,SAFE,18.290333333333333
160110HP,Karnataka,Raichur,Devadurga,16.4236,76.9375,2026-02-22 12:02:00,0.706,0.3161441467878012,SAFE,0.7243333333333334
060401HP,Karnataka,Chikkamagaluru,Mudigere,13.137934,75.641614,2026-02-22 12:02:00,15.946,0.360121961312197,SAFE,15.841666666666669
160311,Karnataka,Koppal,Koppal,15.35162,76.15909,2026-02-22 12:02:00,8.389,0.3670043219090763,SAFE,8.420666666666667
160901HP,Karnataka,Koppal,Kuknur,15.49931,75.98934,2026-02-22 12:02:00,20.077,0.3532922033460491,SAFE,20.07333333333333
070223,Karnataka,Chitradurga,Chitradurga,14.2182,76.40988,2026-02-22 12:02:00,2.721,0.3432233727678018,SAFE,2.720333333333333
130705,Karnataka,Kolar,Kolar,13.12722,78.135278,2026-02-22 12:02:00,5.647,0.353719990586958,SAFE,5.446666666666666
070811,Karnataka,Davangere,Jagalur,14.5522,76.443,2026-02-22 12:02:00,8.27,0.3653521741221091,SAFE,8.251333333333333
060506,Karnataka,Chikkamagaluru,N R Pura,13.610826,75.519333,2026-02-22 12:02:00,24.217,0.3432013310696149,SAFE,23.996
150109HP,Karnataka,Chamrajnagar,Chamrajnagar,11.8504,76.8151,2026-02-23 12:02:12,30.205,0.3174465791687021,SAFE,30.407333333333337
250209,Karnataka,Tumakuru,Gubbi,13.337003,76.806161,2026-02-24 06:02:10,0.857,0.2970436563141008,SAFE,1.0783333333333334
150314,Karnataka,Mysuru,H D Kote,12.04356,76.37813,2026-02-24 12:02:12,16.036,0.3643378851748102,SAFE,16.021666666666665
070734,Karnataka,Chitradurga,Hosdurga,13.6091,76.353,2026-02-25 12:02:13,3.566,0.346547620005173,SAFE,3.630333333333333
160702,Karnataka,Raichur,Raichur,16.0315,76.3353,2026-02-28 12:02:09,0.387,0.2896936950413682,SAFE,0.288
010820,Karnataka,Ramanagara,Kanakapura,12.659688,77.53854,2026-02-28 12:02:11,14.316,0.3588022067541599,SAFE,14.281666666666666
250754,Karnataka,Tumakuru,Sira,14.037579,76.931126,2026-03-01 12:03:10,7.279,0.1661763177368057,SAFE,7.863
100506,Karnataka,Kalaburagi,Kamalapur,17.583025,76.982177,2026-03-03 12:03:00,6.68,0.3633952175005111,SAFE,6.585000000000001
100522,Karnataka,Kalaburagi,Kalaburagi,17.292927,76.989044,2026-03-03 12:03:00,3.632,0.3519254014050883,SAFE,3.595333333333333
130441,Karnataka,Chikkaballapura,Chintamani,13.3167,77.9816,2026-03-03 12:03:13,24.645,0.3363987973023915,SAFE,24.633
130418,Karnataka,Chikkaballapura,Chintamani,13.332319,77.999806,2026-03-04 12:03:00,25.755,0.2857318100603789,SAFE,26.325
070122,Karnataka,Chitradurga,Challakere,14.446,76.82389,2026-03-07 12:03:10,0.252,0.2926635276865105,SAFE,0.3313333333333333
130818,Karnataka,Kolar,Malur,13.0752,77.962972,2026-03-07 12:03:20,48.314,-0.09810374994688,WATCH,93.41066666666666
020221,Karnataka,Belagavi,Athni,16.6399,75.2523,2026-03-13 12:03:11,0.684,0.2858535172498986,SAFE,1.0976666666666668
160112,Karnataka,Raichur,Devadurga,16.3691,76.9511,2026-03-13 12:03:13,3.903,0.3406299329596073,SAFE,3.7273333333333336
100201,Karnataka,Kalaburagi,Aland,17.427983,76.678247,2026-03-14 12:03:10,17.082,0.3623826411496526,SAFE,17.063
130436,Karnataka,Chikkaballapura,Chintamani,13.36121,78.05865,2026-03-14 12:03:18,92.523,0.1829684274920255,SAFE,92.44633333333331
070159,Karnataka,Chitradurga,Challakere,14.3771,76.7855,2026-03-17 12:03:09,2.266,0.1892241823873782,SAFE,3.734333333333333
020828,Karnataka,Belagavi,Ramdurg,15.9717,75.3837,2026-03-17 12:03:12,15.281,0.3583686616189995,SAFE,15.457333333333333
010917,Karnataka,Ramanagara,Magadi,13.04019,77.10901,2026-03-22 06:03:11,42.439,0.1692628779984121,SAFE,40.39766666666667
170223,Karnataka,Davangere,Channagiri,13.9597,76.014,2026-03-22 12:03:10,1.249,0.2721315984027213,SAFE,1.7463333333333333
250936,Karnataka,Tumakuru,Tumakuru,13.187956,77.09829,2026-03-23 12:03:12,71.781,0.0844314257713108,SAFE,75.71733333333334
130118,Karnataka,Chikkaballapura,Bagepalli,13.783394,77.795461,2026-03-24 12:03:00,112.977,-0.0456034826640681,WATCH,97.01433333333334
130129,Karnataka,Chikkaballapura,Bagepalli,13.82798,77.81172,2026-03-24 12:03:10,0.093,0.2957657725765103,SAFE,0.205
131022,Karnataka,Chikkaballapura,Sidlaghatta,13.415832,77.90821,2026-03-25 12:03:10,121.042,0.0987284194379172,SAFE,120.18833333333332
091805,Karnataka,Gadag,Mundargi,15.29409,75.7751,2026-03-26 12:03:00,3.877,0.353369146405519,SAFE,3.892333333333333
130224,Karnataka,Kolar,Bangarapet,13.03822,78.215758,2026-03-26 12:03:10,18.172,0.3534471163518501,SAFE,18.113
170801B,Karnataka,Shivamogga,Soraba,14.3791,75.0972,2026-03-28 12:03:00,11.941,0.358012092659048,SAFE,11.697333333333331
130227,Karnataka,Kolar,Bangarapet,12.95113,78.156693,2026-03-28 12:03:11,42.234,0.3076643799248855,SAFE,42.181666666666665
050912,Karnataka,Vijayapura,Talikota,16.5222,76.168,2026-04-01 12:04:00,10.3,0.2967234342541786,SAFE,9.45
51109BW,Karnataka,Vijayapura,Devar Hippargi,16.8296,76.1371,2026-04-01 12:04:00,12.8,0.2273728831831379,SAFE,11.3
050916HP,Karnataka,Vijayapura,Muddebihal,16.3611,75.9972,2026-04-01 12:04:00,3.3,0.3328122157348306,SAFE,3.05
010213,Karnataka,Bengaluru Urban,Bengaluru North,13.0227,77.38432,2026-04-01 12:04:00,5.4,0.3244367418235648,SAFE,5.1
090910,Karnataka,Dharwad,Kundgol,15.258791,75.248409,2026-04-01 12:04:00,1.24,0.2908515840943658,SAFE,0.7846666666666667
011243,Karnataka,Bengaluru Urban,Yelahanka,13.1339,77.5342,2026-04-01 12:04:00,73.9,0.2237489379352004,SAFE,
011235,Karnataka,Bengaluru Urban,Bengaluru East,13.0606,77.7166,2026-04-01 12:04:00,20.7,0.2946607262967957,SAFE,20.5
011234,Karnataka,Bengaluru Urban,Bengaluru East,12.96435,77.67759,2026-04-01 12:04:00,49.1,0.2468416968448889,SAFE,48.3
011233,Karnataka,Bengaluru Urban,Bengaluru South,12.87354,77.54282,2026-04-01 12:04:00,31.5,0.273607862807505,SAFE,30.2
090221HP,Karnataka,Dharwad,Dharwad,15.57524,74.934226,2026-04-01 12:04:00,22.7,0.2877736105480378,SAFE,22.08
090222A,Karnataka,Dharwad,Dharwad,15.48828,74.97671,2026-04-01 12:04:00,17.3,0.2834017809598678,SAFE,15.6
011236,Karnataka,Bengaluru Urban,Yelahanka,13.1388,77.49225,2026-04-01 12:04:00,13.1,0.2957773673803603,SAFE,11.7
011240,Karnataka,Bengaluru Urban,Yelahanka,13.18601,77.52023,2026-04-01 12:04:00,21.8,0.3142799512729265,SAFE,20.9
090711A,Karnataka,Dharwad,Hubballi Nagara,15.395778,75.077779,2026-04-01 12:04:00,19.04,0.3437120162753817,SAFE,19.3
011241,Karnataka,Bengaluru Urban,Yelahanka,13.14573,77.67218,2026-04-01 12:04:00,21.3,0.3139340034052045,SAFE,20.3
011232,Karnataka,Bengaluru Urban,Bengaluru North,13.10839,77.44321,2026-04-01 12:04:00,37.1,0.2901407067912157,SAFE,36.9
011239,Karnataka,Bengaluru Urban,Yelahanka,13.11156,77.52577,2026-04-01 12:04:00,16.2,0.2905067043252524,SAFE,16.6
011227,Karnataka,Bengaluru Urban,Bengaluru East,12.91,77.7,2026-04-01 12:04:00,49.3,0.2813498895141751,SAFE,49.2
050708HP,Karnataka,Vijayapura,Chadchan,17.3094,75.6708,2026-04-01 12:04:00,77.26,-0.0337537925020051,WATCH,70.2
010320,Karnataka,Bengaluru Urban,Bengaluru South,12.84268,77.51216,2026-04-01 12:04:00,35.1,0.2368518134629423,SAFE,33.0
010319,Karnataka,Bengaluru Urban,Bengaluru South,12.91124,77.64668,2026-04-01 12:04:00,20.6,0.3327811121041147,SAFE,20.1
010318,Karnataka,Bengaluru Urban,Bengaluru South,13.91269,77.37658,2026-04-01 12:04:00,28.5,0.1184587580226085,SAFE,28.2
051121,Karnataka,Vijayapura,Talikota,16.6723,76.3043,2026-04-01 12:04:00,41.8,0.1830404141214391,SAFE,37.5
050913,Karnataka,Vijayapura,Talikota,16.4775,76.3066,2026-04-01 12:04:00,11.0,0.2979388694885746,SAFE,9.747333333333334
050403HP,Karnataka,Vijayapura,Vijayapura,16.8288,75.7247,2026-04-01 12:04:00,4.2,0.354276227856233,SAFE,4.148333333333333
010105,Karnataka,Bengaluru Urban,Anekal,12.80833,77.58333,2026-04-01 12:04:00,10.5,0.3420412868881928,SAFE,10.2
090215HP,Karnataka,Dharwad,Dharwad,15.39806,75.00222,2026-04-01 12:04:00,22.4,0.290127665079579,SAFE,20.68133333333333
051128BW,Karnataka,Vijayapura,Alamela,17.0889,76.2187,2026-04-01 12:04:00,12.8,0.2729202441054628,SAFE,12.1
050902HP,Karnataka,Vijayapura,Muddebihal,16.4313,76.12,2026-04-01 12:04:00,100.4,0.1335578644756236,SAFE,98.9
050305BW,Karnataka,Vijayapura,Basavana Bagevadi,16.5291,75.8892,2026-04-01 12:04:00,19.81,0.3320676566706116,SAFE,20.5
050310HP,Karnataka,Vijayapura,Basavana Bagevadi,16.6539,76.049,2026-04-01 12:04:00,21.5,0.2177568082715829,SAFE,17.9
050402HP,Karnataka,Vijayapura,Kolhar,16.6163,75.7305,2026-04-01 12:04:00,55.0,0.1796614343691757,SAFE,52.851
130916,Karnataka,Kolar,Mulbagal,13.16667,78.401389,2026-04-01 12:04:09,0.234,0.1093488199036051,SAFE,6.615666666666667
150227,Karnataka,Chamrajnagar,Gundlupet,11.819,76.6157,2026-04-01 12:04:11,1.849,0.3193338116280699,SAFE,1.6486666666666665
131132,Karnataka,Kolar,Srinivaspur,13.24156,78.282317,2026-04-02 06:04:10,7.74,0.2228205761800138,SAFE,9.419
010104,Karnataka,Bengaluru Urban,Anekal,12.78722,77.63361,2026-04-02 12:04:00,188.752,0.0286557809049274,SAFE,188.76
250521,Karnataka,Tumakuru,Madhugiri,13.692745,77.343033,2026-04-08 12:04:10,7.6,0.3634370818673317,SAFE,7.709666666666667
160407,Karnataka,Koppal,Kushtagi,15.7729,76.3931,2026-04-10 12:04:00,9.856,0.3657846686262618,SAFE,9.776666666666666
100511,Karnataka,Kalaburagi,Kalaburagi,17.45103,76.781354,2026-04-10 12:04:00,77.314,-0.0291764072642455,WATCH,27.81933333333333
250605,Karnataka,Tumakuru,Pavagada,14.185876,77.369533,2026-04-11 12:04:09,12.465,0.1753827296995403,SAFE,13.211999999999998
081302,Karnataka,Udupi,Kap,13.13901,74.78826,2026-04-12 12:04:00,16.1,0.3128193259368046,SAFE,14.945
040502BW,Karnataka,Bidar,Chitgoppa,17.70863,77.20618,2026-04-15 12:04:09,0.061,0.2578585779616313,SAFE,1.011
010216,Karnataka,Bengaluru Urban,Bengaluru North,13.05855,77.50587,2026-04-15 12:04:09,6.3,0.2092947301659989,SAFE,2.6156666666666664
070621,Karnataka,Chitradurga,Holalkere,13.9564,76.1208,2026-04-20 12:04:10,60.895,0.2611054892395917,SAFE,60.879
070726,Karnataka,Chitradurga,Hosdurga,13.7995,76.2757,2026-04-21 12:04:00,12.563,0.3636196851262558,SAFE,12.444333333333333
070619,Karnataka,Chitradurga,Holalkere,14.0425,76.174,2026-04-21 12:04:00,28.232,0.285783015950774,SAFE,26.43233333333333
070747,Karnataka,Chitradurga,Hosdurga,13.8636,76.1363,2026-04-21 12:04:10,14.101,0.3224263342521932,SAFE,13.094666666666669
070151,Karnataka,Chitradurga,Challakere,14.3316,76.8837,2026-04-24 12:04:12,1.0,0.2892507805993023,SAFE,1.031
160807,Karnataka,Raichur,Sindhnur,15.4118,76.4316,2026-04-25 12:04:00,7.606,0.3175269565361003,SAFE,7.337333333333333
060220,Karnataka,Chikkamagaluru,Kadur,13.552281,76.013794,2026-04-25 12:04:00,19.153,0.3357085280711502,SAFE,18.75933333333333
010317,Karnataka,Bengaluru Urban,Bengaluru South,12.90694,77.40528,2026-04-25 12:04:09,1.206,0.0788655261843332,SAFE,10.112666666666668
110418,Karnataka,Hassan,Belur,13.044444,75.805556,2026-04-25 12:04:11,8.319,0.3642449677607164,SAFE,8.265333333333333
060112,Karnataka,Chikkamagaluru,Chikkamagaluru,13.310427,75.772979,2026-04-26 12:04:00,3.921,0.3462142193855141,SAFE,3.659666666666667
060268,Karnataka,Chikkamagaluru,Kadur,13.594263,75.97442,2026-04-26 12:04:09,24.99,0.3423708408801071,SAFE,24.829666666666668
060727,Karnataka,Chikkamagaluru,Ajjampur,13.728075,76.003893,2026-04-27 12:04:00,6.341,0.362117735389632,SAFE,6.189
110322HP,Karnataka,Hassan,Arsikere,13.158056,76.305556,2026-04-27 12:04:10,39.897,0.2371669977606685,SAFE,39.50466666666667
060609,Karnataka,Chikkamagaluru,Sringeri,13.424524,75.255264,2026-04-28 12:04:00,5.815,0.3343365361351387,SAFE,5.287333333333334
060308,Karnataka,Chikkamagaluru,Koppa,13.531368,75.378452,2026-04-29 12:04:00,26.477,0.3242138675882854,SAFE,26.45866666666667
091811,Karnataka,Gadag,Nargund,15.85431,75.49186,2026-04-29 12:04:00,3.542,0.3497352593185025,SAFE,3.5499999999999994
150809,Karnataka,Mysuru,Nanjangud,12.0987,76.5556,2026-04-30 12:04:12,8.026,0.3665829319245382,SAFE,8.022333333333334
011029,Karnataka,Bengaluru Rural,Nelamangala,13.1512,77.337,2026-05-01 12:05:00,19.45,0.2865518541871225,SAFE,17.425
011001,Karnataka,Bengaluru Rural,Nelamangala,13.14,77.34833,2026-05-01 12:05:00,17.65,0.2932865506683539,SAFE,16.325
040522HP,Karnataka,Bidar,Homnabad,17.89546,77.07606,2026-05-01 12:05:00,10.37,0.2660400685748373,SAFE,8.682333333333334
011021,Karnataka,Bengaluru Rural,Nelamangala,13.2307,77.1943,2026-05-01 12:05:00,55.6,0.2035354847268897,SAFE,53.97
011017,Karnataka,Bengaluru Rural,Nelamangala,13.218,77.343,2026-05-01 12:05:00,53.7,0.2243170749146273,SAFE,51.7
190208,Karnataka,Uttara Kannada,Bhatkal,14.0325,74.5258,2026-05-01 12:05:00,3.63,0.3171443010310675,SAFE,3.281
011006,Karnataka,Bengaluru Rural,Nelamangala,13.065,77.31944,2026-05-01 12:05:00,58.35,-0.0290332516466854,WATCH,87.502
040105,Karnataka,Bidar,Kamalnagar,18.23447,77.17848,2026-05-01 12:05:00,4.5,0.3435621572174054,SAFE,4.387666666666667
040523HP,Karnataka,Bidar,Hulsur,17.94921,76.97072,2026-05-01 12:05:00,12.7,0.3334327770560412,SAFE,11.891
040519HP,Karnataka,Bidar,Homnabad,17.74376,77.08326,2026-05-01 12:05:00,16.98,0.2942194496431499,SAFE,15.675
011028,Karnataka,Bengaluru Rural,Nelamangala,13.2307,77.2358,2026-05-01 12:05:00,17.98,0.2604722847996252,SAFE,15.57
011025,Karnataka,Bengaluru Rural,Nelamangala,13.2963,77.2912,2026-05-01 12:05:00,32.85,0.2545081867074435,SAFE,30.6
011024,Karnataka,Bengaluru Rural,Nelamangala,13.2543,77.2968,2026-05-01 12:05:00,9.85,0.2955761983010707,SAFE,8.44
011023,Karnataka,Bengaluru Rural,Nelamangala,13.2085,77.2165,2026-05-01 12:05:00,16.1,0.2951775551840204,SAFE,14.760000000000002
011022,Karnataka,Bengaluru Rural,Nelamangala,13.1294,77.3837,2026-05-01 12:05:00,18.74,0.2935907501474405,SAFE,17.12
190310,Karnataka,Uttara Kannada,Dandeli,15.30253,74.60816,2026-05-01 12:05:00,8.68,0.263669601492075,SAFE,10.787666666666668
040410BW,Karnataka,Bidar,Basavakalyan,17.8216,76.86404,2026-05-01 12:05:00,10.12,0.2955548033726853,SAFE,9.1
040525HP,Karnataka,Bidar,Bhalki,17.99379,77.32477,2026-05-01 12:05:00,23.85,0.1374832402404966,SAFE,18.875
040102BW,Karnataka,Bidar,Kamalnagar,18.15189,77.36378,2026-05-01 12:05:00,4.63,0.2905358682840322,SAFE,3.695
040208HP,Karnataka,Bidar,Bidar,17.76806,77.30694,2026-05-01 12:05:00,19.0,0.1928397993958308,SAFE,13.565
011012,Karnataka,Bengaluru Rural,Nelamangala,13.161,77.3204,2026-05-01 12:05:00,8.65,0.3065213150685144,SAFE,8.135
011013,Karnataka,Bengaluru Rural,Nelamangala,13.145,77.286,2026-05-01 12:05:00,16.2,0.3292311481769399,SAFE,15.56
80405HD,Karnataka,Dakshina Kannada,Kadaba,12.7451,75.424,2026-05-01 12:05:00,8.2,0.3034659990761727,SAFE,6.790666666666667
140209,Karnataka,Mandya,Maddur,12.69408,77.06034,2026-05-01 12:05:00,11.83,0.2890335911934732,SAFE,12.4295
080211,Karnataka,Dakshina Kannada,Beltangadi,12.9883,75.283,2026-05-01 12:05:00,14.7,0.3210123177183747,SAFE,14.257
080110,Karnataka,Dakshina Kannada,Bantval,12.8932,75.0413,2026-05-01 12:05:00,9.0,0.3352200740507406,SAFE,9.450333333333331
010519,Karnataka,Bengaluru Rural,Devanahalli,13.313,77.748,2026-05-01 12:05:00,45.2,0.2375693345941028,SAFE,46.525
010518,Karnataka,Bengaluru Rural,Devanahalli,13.329,77.777,2026-05-01 12:05:00,44.01,0.2693837383586288,SAFE,45.040000000000006
010517,Karnataka,Bengaluru Rural,Devanahalli,13.1506,77.7649,2026-05-01 12:05:00,81.68,0.1906890278983464,SAFE,81.845
010524,Karnataka,Bengaluru Rural,Devanahalli,13.221,77.644,2026-05-01 12:05:00,71.52,0.2007995927263923,SAFE,71.81
010526,Karnataka,Bengaluru Rural,Devanahalli,13.326,77.732,2026-05-01 12:05:00,16.01,0.2732969938500214,SAFE,13.39
010527,Karnataka,Bengaluru Rural,Devanahalli,13.272,77.649,2026-05-01 12:05:00,104.45,0.1010766172554238,SAFE,102.885
010528,Karnataka,Bengaluru Rural,Devanahalli,13.204,77.668,2026-05-01 12:05:00,150.97,0.0433692130166961,SAFE,151.785
010529,Karnataka,Bengaluru Rural,Devanahalli,13.256,77.763,2026-05-01 12:05:00,182.25,-0.0114286879079676,CRITICAL,178.89
010516,Karnataka,Bengaluru Rural,Devanahalli,13.246,77.646,2026-05-01 12:05:00,142.56,-0.0473703702847035,WATCH,145.675
010515,Karnataka,Bengaluru Rural,Devanahalli,13.2185,77.7454,2026-05-01 12:05:00,39.97,0.2644577715770854,SAFE,38.895
010514,Karnataka,Bengaluru Rural,Devanahalli,13.1316,77.7485,2026-05-01 12:05:00,61.23,0.2147364610221909,SAFE,61.505
010525,Karnataka,Bengaluru Rural,Devanahalli,13.184,77.745,2026-05-01 12:05:00,158.95,0.0393269357934621,SAFE,158.14999999999998
080513,Karnataka,Dakshina Kannada,Ullal,12.81905,74.85998,2026-05-01 12:05:00,9.3,0.3031049961636952,SAFE,8.55
140528,Karnataka,Mandya,Nagamangala,12.96037,76.76023,2026-05-01 12:05:00,8.17,0.3272710403801003,SAFE,7.285
140529,Karnataka,Mandya,Nagamangala,12.96287,76.64343,2026-05-01 12:05:00,21.5,0.2232116959541683,SAFE,17.950000000000003
140530,Karnataka,Mandya,Nagamangala,12.85109,76.69287,2026-05-01 12:05:00,19.6,0.1052374083641795,SAFE,13.495
140610,Karnataka,Mandya,Pandavapura,12.49729,76.67323,2026-05-01 12:05:00,2.37,0.3147805418842072,SAFE,2.64
010626,Karnataka,Bengaluru Rural,Dod Ballapur,13.4852,77.4047,2026-05-01 12:05:00,26.75,0.2782935012776201,SAFE,25.0
010627,Karnataka,Bengaluru Rural,Dod Ballapur,13.211,77.45,2026-05-01 12:05:00,26.84,0.2603721863889819,SAFE,24.375
010628,Karnataka,Bengaluru Rural,Dod Ballapur,13.2667,77.533,2026-05-01 12:05:00,5.25,0.2981658233877036,SAFE,4.27
010740,Karnataka,Bengaluru Rural,Hoskote,13.013,77.825,2026-05-01 12:05:00,58.78,0.2173607884096638,SAFE,58.095
010630,Karnataka,Bengaluru Rural,Dod Ballapur,13.285,77.423,2026-05-01 12:05:00,75.1,0.1705709760321931,SAFE,74.005
010631,Karnataka,Bengaluru Rural,Dod Ballapur,13.2288,77.5252,2026-05-01 12:05:00,6.7,0.2871109895999913,SAFE,5.87
010633,Karnataka,Bengaluru Rural,Dod Ballapur,13.2436,77.4524,2026-05-01 12:05:00,73.6,0.1750575713026049,SAFE,72.725
140527,Karnataka,Mandya,Nagamangala,12.73954,76.81218,2026-05-01 12:05:00,18.36,0.310718591333167,SAFE,17.076666666666668
140309,Karnataka,Mandya,Malavalli,12.25775,77.12279,2026-05-01 12:05:00,15.32,0.3115166295230697,SAFE,15.335
010510,Karnataka,Bengaluru Rural,Devanahalli,13.261,77.5998,2026-05-01 12:05:00,36.16,0.2650398382299004,SAFE,33.83
010511,Karnataka,Bengaluru Rural,Devanahalli,13.22,77.562,2026-05-01 12:05:00,9.39,0.2220413641268264,SAFE,12.745
010707,Karnataka,Bengaluru Rural,Hoskote,13.10667,77.86778,2026-05-01 12:05:00,6.45,0.2809809690084088,SAFE,8.075
010703,Karnataka,Bengaluru Rural,Hoskote,12.947,77.8182,2026-05-01 12:05:00,23.56,0.2729639727194167,SAFE,22.9
010642,Karnataka,Bengaluru Rural,Dod Ballapur,13.368,77.545,2026-05-01 12:05:00,21.8,0.2945469837724662,SAFE,20.377
010512,Karnataka,Bengaluru Rural,Devanahalli,13.199,77.741,2026-05-01 12:05:00,35.49,0.2303207505190512,SAFE,31.9885
140217,Karnataka,Mandya,Maddur,12.78924,76.93392,2026-05-01 12:05:00,1.7,0.3104605153359708,SAFE,1.7000000000000002
010608,Karnataka,Bengaluru Rural,Dod Ballapur,13.27639,77.3532,2026-05-01 12:05:00,32.7,0.2877891919534676,SAFE,31.9
010641,Karnataka,Bengaluru Rural,Dod Ballapur,13.222,77.415,2026-05-01 12:05:00,71.1,0.18885752460909,SAFE,69.82
010634,Karnataka,Bengaluru Rural,Dod Ballapur,13.3012,77.4847,2026-05-01 12:05:00,27.4,0.2943493374318102,SAFE,26.125
010640,Karnataka,Bengaluru Rural,Dod Ballapur,13.322,77.3958,2026-05-01 12:05:00,36.1,0.2689237667953769,SAFE,34.71
010639,Karnataka,Bengaluru Rural,Dod Ballapur,13.4052,77.5337,2026-05-01 12:05:00,30.55,0.2779191984624224,SAFE,28.593
140623,Karnataka,Mandya,Pandavapura,12.48003,76.64762,2026-05-01 12:05:00,8.67,0.3603596652820219,SAFE,8.625666666666667
010638,Karnataka,Bengaluru Rural,Dod Ballapur,13.333,77.559,2026-05-01 12:05:00,50.65,0.141394014431294,SAFE,50.93
010635,Karnataka,Bengaluru Rural,Dod Ballapur,13.312,77.603,2026-05-01 12:05:00,35.95,0.2642049867717257,SAFE,37.595
010636,Karnataka,Bengaluru Rural,Dod Ballapur,13.30581,77.52484,2026-05-01 12:05:00,16.85,0.2998447316398561,SAFE,18.3
010501,Karnataka,Bengaluru Rural,Devanahalli,13.29902,77.70101,2026-05-01 12:05:00,4.6,0.2862954368344773,SAFE,4.025
010509,Karnataka,Bengaluru Rural,Devanahalli,13.33934,77.69198,2026-05-01 12:05:00,8.62,0.3029807647630996,SAFE,7.904999999999999
80309Hd,Karnataka,Dakshina Kannada,Mulki,13.0844,74.7964,2026-05-01 12:05:00,8.25,0.3071624675095136,SAFE,8.308
140118,Karnataka,Mandya,Krishnarajpet,12.80881,76.58254,2026-05-01 12:05:00,45.05,0.1221275249509803,SAFE,39.72
010721,Karnataka,Bengaluru Rural,Hoskote,13.09,77.7814,2026-05-01 12:05:00,159.7,0.0389338542099543,SAFE,158.41533333333334
140426,Karnataka,Mandya,Mandya,12.6113,76.77336,2026-05-01 12:05:00,14.95,0.3220345164503133,SAFE,13.751666666666663
080415,Karnataka,Dakshina Kannada,Puttur,12.7583,75.2017,2026-05-01 12:05:00,19.0,0.2584121057805053,SAFE,21.23633333333333
140116,Karnataka,Mandya,Krishnarajpet,12.73901,76.55482,2026-05-01 12:05:00,16.97,0.2450882331824578,SAFE,16.560000000000002
140129,Karnataka,Mandya,Krishnarajpet,12.73092,76.37887,2026-05-01 12:05:00,8.37,0.3235439725638231,SAFE,7.390000000000001
140513,Karnataka,Mandya,Nagamangala,12.71117,76.70371,2026-05-01 12:05:00,16.95,0.2990058614905566,SAFE,15.575
140429,Karnataka,Mandya,Mandya,12.55905,76.80478,2026-05-01 12:05:00,15.69,0.137100039296826,SAFE,8.45
140428,Karnataka,Mandya,Mandya,12.63208,76.866,2026-05-01 12:05:00,21.23,0.2309470934704913,SAFE,17.625
140308,Karnataka,Mandya,Malavalli,12.43692,77.23325,2026-05-01 12:05:00,7.61,0.3368844965932938,SAFE,7.29
010522,Karnataka,Bengaluru Rural,Devanahalli,13.271,77.761,2026-05-01 12:05:00,123.54,0.0667504687638546,SAFE,124.425
010723,Karnataka,Bengaluru Rural,Hoskote,13.0559,77.9165,2026-05-01 12:05:00,42.25,0.1998148972433585,SAFE,39.21
010725,Karnataka,Bengaluru Rural,Hoskote,13.019,77.793,2026-05-01 12:05:00,42.35,0.0456875037664669,SAFE,58.04
010726,Karnataka,Bengaluru Rural,Hoskote,13.179,77.938,2026-05-01 12:05:00,50.62,0.1158741651268644,SAFE,49.255
010727,Karnataka,Bengaluru Rural,Hoskote,13.112,77.833,2026-05-01 12:05:00,122.75,0.1017871415972726,SAFE,121.64
010728,Karnataka,Bengaluru Rural,Hoskote,12.976,77.84,2026-05-01 12:05:00,9.98,0.2532505852672223,SAFE,12.575
140519,Karnataka,Mandya,Nagamangala,12.73954,76.81218,2026-05-01 12:05:00,9.77,0.2896883029244849,SAFE,8.55
140521,Karnataka,Mandya,Nagamangala,12.882,76.62978,2026-05-01 12:05:00,26.3,0.1309290250450533,SAFE,20.775
010729,Karnataka,Bengaluru Rural,Hoskote,13.194,77.839,2026-05-01 12:05:00,149.87,0.0657284582571411,SAFE,150.0345
010730,Karnataka,Bengaluru Rural,Hoskote,13.0968,77.8177,2026-05-01 12:05:00,114.56,0.082306782869858,SAFE,113.025
010731,Karnataka,Bengaluru Rural,Hoskote,12.9081,77.8536,2026-05-01 12:05:00,35.85,0.2794766116627251,SAFE,35.79
010732,Karnataka,Bengaluru Rural,Hoskote,13.174,77.817,2026-05-01 12:05:00,171.45,-0.007810676326868,WATCH,168.945
010612,Karnataka,Bengaluru Rural,Dod Ballapur,13.32611,77.595,2026-05-01 12:05:00,17.45,0.2682412940642193,SAFE,18.26533333333333
010505,Karnataka,Bengaluru Rural,Devanahalli,13.29254,77.62795,2026-05-01 12:05:00,14.4,0.2519754671711862,SAFE,11.73
140321,Karnataka,Mandya,Malavalli,12.38244,77.05936,2026-05-01 12:05:00,7.1,0.2800713007578865,SAFE,6.005000000000001
010735,Karnataka,Bengaluru Rural,Hoskote,12.934,77.841,2026-05-01 12:05:00,11.38,0.2450262637738606,SAFE,13.95
010736,Karnataka,Bengaluru Rural,Hoskote,13.131,77.804,2026-05-01 12:05:00,73.16,0.2080297535567301,SAFE,72.6555
010737,Karnataka,Bengaluru Rural,Hoskote,13.218,77.94,2026-05-01 12:05:00,93.31,0.1415523333157635,SAFE,94.03
140712,Karnataka,Mandya,Shrirangapattana,12.39447,76.60876,2026-05-01 12:05:00,3.17,0.303133477641744,SAFE,3.995
010739,Karnataka,Bengaluru Rural,Hoskote,13.118,77.77,2026-05-01 12:05:13,21.35,0.323385628507973,SAFE,22.03233333333333
010745,Karnataka,Bengaluru Rural,Hoskote,12.988,77.78,2026-05-01 12:05:13,42.358,0.3079328845032093,SAFE,42.37566666666667
110336,Karnataka,Hassan,Arsikere,13.515,76.397,2026-05-04 12:05:10,2.467,0.1198934163490629,SAFE,8.657333333333334
070533,Karnataka,Chitradurga,Hiriyur,13.9317,76.7445,2026-05-05 12:05:10,0.426,0.1807903888949206,SAFE,3.0820000000000003
050315BW,Karnataka,Vijayapura,Nidgundi,16.4406,75.9497,2026-05-06 12:05:00,46.176,0.2871660947713712,SAFE,46.40133333333333
110337,Karnataka,Hassan,Arsikere,13.493,76.345,2026-05-06 12:05:10,2.1,0.3344298276056959,SAFE,2.115333333333333
110349,Karnataka,Hassan,Arsikere,13.393,76.151,2026-05-07 12:05:10,0.783,0.2985613982308123,SAFE,1.2113333333333332
131020,Karnataka,Chikkaballapura,Sidlaghatta,13.531446,77.859111,2026-05-08 12:05:15,12.811,0.3390156254338615,SAFE,13.441666666666665
160412,Karnataka,Koppal,Kushtagi,15.76117,76.19099,2026-05-09 12:05:10,0.006,0.3006456584100621,SAFE,0.0626666666666666
100402,Karnataka,Kalaburagi,Shahabad,17.122673,76.940655,2026-05-10 12:05:00,13.981,0.3640142292166733,SAFE,13.801666666666668
190306,Karnataka,Uttara Kannada,Haliyal,15.33452,74.75361,2026-05-11 12:05:00,12.855,0.365863594143373,SAFE,12.891666666666666
070508,Karnataka,Chitradurga,Hiriyur,13.8678,76.69222,2026-05-11 12:05:10,1.063,0.2719576863982003,SAFE,1.3286666666666669
080705H,Karnataka,Udupi,Karkal,13.292243,74.983498,2026-05-11 12:05:10,9.848,0.3599327180171236,SAFE,9.95
011011,Karnataka,Bengaluru Rural,Nelamangala,13.22,77.3,2026-05-12 06:05:10,0.058,0.1545504779407539,SAFE,3.7276666666666665
020814,Karnataka,Belagavi,Ramdurg,15.9479,75.3034,2026-05-12 12:05:00,12.812,0.3646431035324545,SAFE,12.677
150824,Karnataka,Mysuru,Nanjangud,12.0424,76.6619,2026-05-13 12:05:18,0.107,0.2929501922815226,SAFE,0.4463333333333333
070140,Karnataka,Chitradurga,Challakere,14.4873,76.7188,2026-05-14 12:05:10,18.666,0.3581518920551362,SAFE,18.734
170222,Karnataka,Davangere,Channagiri,13.9503,76.017,2026-05-14 12:05:13,23.634,0.3323694128660937,SAFE,23.19033333333333
170316,Karnataka,Davangere,Nyamati,14.1505,75.564,2026-05-15 12:05:10,15.85,0.3606394082739156,SAFE,16.008333333333333
150236,Karnataka,Chamrajnagar,Gundlupet,11.8456,76.7765,2026-05-15 12:05:11,32.387,0.3089025326125879,SAFE,32.114333333333335
060410,Karnataka,Chikkamagaluru,Mudigere,13.064828,75.652287,2026-05-16 12:05:10,13.041,0.3682368319916637,SAFE,13.033
250721,Karnataka,Tumakuru,Sira,13.649444,76.743061,2026-05-17 12:05:10,129.623,0.1158359872636104,SAFE,129.52133333333333
150229,Karnataka,Chamrajnagar,Gundlupet,11.8111,76.7397,2026-05-17 12:05:15,95.852,0.1994335594166333,SAFE,95.857
060723,Karnataka,Chikkamagaluru,Tarikere,13.564556,75.831154,2026-05-18 12:05:10,0.618,0.2276070838835032,SAFE,1.3676666666666666
150234,Karnataka,Chamrajnagar,Gundlupet,11.8936,76.7456,2026-05-18 12:05:11,19.104,0.2614198448581517,SAFE,20.95833333333333
010625,Karnataka,Bengaluru Rural,Dod Ballapur,13.27,77.51,2026-05-19 06:05:11,28.26,0.3270836421623577,SAFE,28.769666666666662
170601B,Karnataka,Shivamogga,Shikarpur,14.3791,75.2522,2026-05-19 12:05:00,12.631,0.2688235634733462,SAFE,14.927666666666669
150821,Karnataka,Mysuru,Nanjangud,12.1232,76.6838,2026-05-20 12:05:00,3.703,0.351210643977041,SAFE,3.796
150901,Karnataka,Mysuru,Piriyapatna,12.3363,76.0974,2026-05-21 12:05:00,7.775,0.3645072920096995,SAFE,7.800000000000001
070130,Karnataka,Chitradurga,Challakere,14.5501,76.74188,2026-05-21 12:05:11,18.526,0.2522291450300193,SAFE,15.994
250313,Karnataka,Tumakuru,Koratagere,13.538094,77.101783,2026-05-23 12:05:10,89.049,0.1989300730356524,SAFE,88.93533333333335
050710HP,Karnataka,Vijayapura,Indi,17.1182,75.7978,2026-05-23 12:05:13,32.678,0.2222024491190317,SAFE,28.585
021007A,Karnataka,Belagavi,Yaragatti,16.0221,75.0858,2026-05-24 12:05:09,1.121,0.2798247182174831,SAFE,0.6623333333333333
100703,Karnataka,Kalaburagi,Sedam,17.172605,77.279336,2026-05-24 12:05:11,10.475,0.3679295784482115,SAFE,10.459333333333332
250315,Karnataka,Tumakuru,Koratagere,13.431095,77.238101,2026-05-24 12:05:12,49.62,-0.0525463788348287,WATCH,32.878
030305D,Karnataka,Vijayanagara,Harpanahalli,14.798989,75.99325,2026-05-26 12:05:00,8.069,0.361193738547181,SAFE,8.235
190610,Karnataka,Uttara Kannada,Kumta,14.56319,74.38785,2026-05-26 12:05:00,5.095,0.3478358363772095,SAFE,5.357666666666667
091001,Karnataka,Gadag,Mundargi,15.2398,75.8614,2026-05-26 12:05:00,16.248,0.3645585140579004,SAFE,16.319
070127,Karnataka,Chitradurga,Challakere,14.3142,76.64835,2026-05-26 12:05:00,6.749,0.3617506670164873,SAFE,6.869
131126,Karnataka,Kolar,Srinivaspur,13.32027,78.168654,2026-05-26 12:05:09,56.724,0.2672795951143129,SAFE,56.682
130811,Karnataka,Kolar,Malur,13.04861,77.991111,2026-05-26 12:05:09,18.507,0.1591356667416325,SAFE,21.97266666666667
130903,Karnataka,Kolar,Mulbagal,13.29722,78.411111,2026-05-28 12:05:10,2.764,0.1781314572905962,SAFE,4.663666666666667
130111,Karnataka,Chikkaballapura,Bagepalli,13.924614,77.956339,2026-05-28 12:05:13,1.988,0.3318390824513746,SAFE,2.034666666666667
070742,Karnataka,Chitradurga,Hosdurga,13.6662,76.3089,2026-05-29 12:05:10,6.852,0.3627609633369246,SAFE,6.752
010203,Karnataka,Bengaluru Urban,Bengaluru North,12.97778,77.59722,2026-05-31 12:05:00,10.864,0.3675053905521051,SAFE,10.783333333333331
130127,Karnataka,Chikkaballapura,Bagepalli,13.92297,77.8493,2026-06-01 12:06:09,3.083,0.3030500939117427,SAFE,3.614333333333333
130223,Karnataka,Kolar,Bangarapet,12.93347,78.134393,2026-06-01 12:06:11,1.024,0.1266956926314688,SAFE,5.627
100514,Karnataka,Kalaburagi,Kalaburagi,17.182786,76.79179,2026-06-03 12:06:00,6.269,0.360503558701936,SAFE,6.183333333333334
130931,Karnataka,Kolar,Mulbagal,13.28152,78.483323,2026-06-03 12:06:10,12.119,0.3624655252413138,SAFE,12.228
120118,Karnataka,Kodagu,Madikeri,12.3891,75.7173,2026-06-04 12:06:10,12.467,0.3653385297791021,SAFE,12.432
070132,Karnataka,Chitradurga,Challakere,14.318,76.7367,2026-06-07 06:06:09,0.053,0.2963887516656798,SAFE,0.2113333333333333
160501,Karnataka,Raichur,Lingsugur,16.15477,76.52187,2026-06-07 12:06:00,6.72,0.3535425237009485,SAFE,6.998666666666666
250136,Karnataka,Tumakuru,Chiknayakanhalli,13.477472,76.449722,2026-06-07 12:06:10,2.537,0.2803139698775303,SAFE,3.188333333333333
250135,Karnataka,Tumakuru,Chiknayakanhalli,13.559667,76.482584,2026-06-09 12:06:09,23.833,0.0772977005169782,SAFE,22.282333333333337
030715,Karnataka,Ballari,Sandur,15.197327,76.679077,2026-06-09 12:06:09,12.896,0.2701942181987458,SAFE,11.499
100921,Karnataka,Yadgir,Shorapur,16.4824,76.749,2026-06-09 12:06:09,0.295,0.2827491839599615,SAFE,0.636
130539,Karnataka,Chikkaballapura,Gauribidanur,13.523236,77.610218,2026-06-09 12:06:10,26.068,0.3392993350570885,SAFE,26.06233333333333
130708,Karnataka,Kolar,Kolar,13.13778,78.004167,2026-06-09 12:06:28,4.099,0.3546045139423961,SAFE,4.137
110108,Karnataka,Hassan,Alur,12.8637,75.9693,2026-06-10 12:06:09,19.259,0.3459445748592983,SAFE,19.743666666666662
011114,Karnataka,Ramanagara,Ramanagaram,12.733262,77.455261,2026-06-11 12:06:09,14.725,0.3646107540602275,SAFE,14.766
050435HP,Karnataka,Vijayapura,Tikota,16.8392,75.5303,2026-06-12 12:06:00,6.961,0.3640137528150971,SAFE,6.915333333333334
140319,Karnataka,Mandya,Malavalli,12.36736,76.94443,2026-06-12 12:06:00,17.152,0.3617003249344232,SAFE,17.255333333333336
170225,Karnataka,Davangere,Channagiri,14.0104,76.005,2026-06-12 12:06:10,38.53,0.3127058180374468,SAFE,38.553666666666665
140320,Karnataka,Mandya,Malavalli,12.4246,77.04001,2026-06-12 12:06:13,14.406,0.248342373769959,SAFE,11.231666666666667
070829,Karnataka,Davangere,Jagalur,14.5275,76.589,2026-06-14 06:06:12,0.081,0.194248084405067,SAFE,2.469333333333333
080807H,Karnataka,Udupi,Baindur,13.86653,74.81198,2026-06-14 12:06:11,13.658,0.3583629776594,SAFE,13.544000000000002
150320,Karnataka,Mysuru,H D Kote,12.1462,76.3759,2026-06-14 12:06:11,0.113,0.243080064941657,SAFE,1.4496666666666669
150715,Karnataka,Mysuru,Mysuru,12.253,76.8187,2026-06-15 12:06:10,20.088,0.2558832174803734,SAFE,20.246666666666663
250947,Karnataka,Tumakuru,Tumakuru,13.287117,77.120243,2026-06-15 12:06:11,20.486,0.3431674294207145,SAFE,20.175666666666668
250541,Karnataka,Tumakuru,Madhugiri,13.6647,77.0569,2026-06-15 12:06:17,2.465,0.191054028120219,SAFE,5.267
010304,Karnataka,Bengaluru Urban,Bengaluru East,13.03556,77.73722,2026-06-16 12:06:09,90.149,0.2024905674253777,SAFE,90.176
150611,Karnataka,Mysuru,K R Nagar,12.5453,76.3699,2026-06-17 12:06:16,14.038,0.3627560718939428,SAFE,14.143666666666666
130421,Karnataka,Chikkaballapura,Chintamani,13.5574,78.0523,2026-06-19 12:06:10,240.425,-0.0361245743772256,WATCH,240.77
050801,Karnataka,Bagalkot,Jamkhandi,16.5102,75.2811,2026-06-20 12:06:00,7.572,0.3644165253145534,SAFE,7.515333333333333
070750,Karnataka,Chitradurga,Hosdurga,13.8281,76.1914,2026-06-20 12:06:09,18.508,0.3541488252000119,SAFE,18.57766666666667
120323HP,Karnataka,Kodagu,Virarajendrapet,12.23889,75.8562,2026-06-20 12:06:54,23.316,0.3459741752129648,SAFE,23.505666666666663
070539,Karnataka,Chitradurga,Hiriyur,14.1234,76.498,2026-06-21 06:06:09,9.761,0.095063000030822,SAFE,6.768000000000001
250517,Karnataka,Tumakuru,Madhugiri,13.66709,77.251488,2026-06-21 12:06:10,39.688,0.3103092924391676,SAFE,39.689
070147,Karnataka,Chitradurga,Challakere,14.5039,76.5801,2026-06-22 12:06:11,2.884,0.1963996288877039,SAFE,2.761333333333333
070623,Karnataka,Chitradurga,Holalkere,14.0816,76.2509,2026-06-22 12:06:11,6.167,0.3647146040758713,SAFE,6.144666666666667
070324,Karnataka,Davangere,Davangere,14.3661,75.893,2026-06-27 12:06:11,9.572,0.3490168996676178,SAFE,9.864333333333333
150723,Karnataka,Mysuru,Mysuru,12.25816,76.62382,2026-06-27 12:06:12,3.92,0.3539371699889917,SAFE,3.962
030405,Karnataka,Vijayanagara,Hospet,15.275085,76.38208,2026-06-28 12:06:00,3.637,0.3520691200254354,SAFE,3.625666666666666
251008,Karnataka,Tumakuru,Turuvekere,13.057017,76.794442,2026-06-28 12:06:11,46.775,0.2781074373258419,SAFE,46.54266666666667
080315,Karnataka,Dakshina Kannada,Mulki,13.0667,74.8543,2026-06-28 12:06:11,12.662,0.3644719806478304,SAFE,12.714999999999998
080708Hd,Karnataka,Udupi,Karkal,13.22573,74.97901,2026-06-29 12:06:00,10.092,0.3654387433917322,SAFE,10.136333333333331
010520,Karnataka,Bengaluru Rural,Devanahalli,13.2923,77.7511,2026-06-29 12:06:09,115.081,0.1155778464692306,SAFE,113.94033333333334
070150,Karnataka,Chitradurga,Challakere,14.4291,76.6128,2026-06-29 12:06:09,0.52,0.2985847293132057,SAFE,0.5173333333333333
130240,Karnataka,Kolar,K.G.F,12.94259,78.374041,2026-06-29 12:06:10,1.557,0.1601681148780284,SAFE,5.506666666666667
090712HP,Karnataka,Dharwad,Hubballi Nagara,15.328739,75.148267,2026-06-30 12:06:00,11.701,0.3657907056706331,SAFE,11.684
020831,Karnataka,Belagavi,Ramdurg,16.0774,75.2595,2026-07-01 12:07:10,0.014,0.2992779031089602,SAFE,0.0743333333333333
030502,Karnataka,Vijayanagara,H B Halli,15.041687,76.201477,2026-07-02 12:07:00,16.668,0.3622681781447759,SAFE,16.746333333333336
150417,Karnataka,Mysuru,Hunsur,12.3991,76.3392,2026-07-02 12:07:18,12.003,0.3657967137788268,SAFE,12.034666666666666
251011,Karnataka,Tumakuru,Turuvekere,13.134292,76.786789,2026-07-04 12:07:09,69.831,0.2183503515633967,SAFE,69.778
170903,Karnataka,Shivamogga,Tirthahalli,13.8103,75.2492,2026-07-04 12:07:10,14.447,0.3641875444980921,SAFE,14.501333333333337
110352,Karnataka,Hassan,Arsikere,13.4571,76.2899,2026-07-04 12:07:12,2.544,0.3409646536267953,SAFE,2.5716666666666668
010637,Karnataka,Bengaluru Rural,Dod Ballapur,13.324,77.464,2026-07-04 12:07:57,5.92,0.1380210171769392,SAFE,6.566666666666666
150812,Karnataka,Mysuru,Nanjangud,12.1199,76.6433,2026-07-05 12:07:18,6.265,0.340983657976395,SAFE,5.858333333333333
250138,Karnataka,Tumakuru,Chiknayakanhalli,13.416492,76.721951,2026-07-11 12:07:10,21.962,0.3525687252441705,SAFE,21.941666666666663
010308,Karnataka,Bengaluru Urban,Bengaluru East,13.08111,77.73944,2026-07-13 12:07:00,49.778,0.2841577693103809,SAFE,49.76333333333333
070235,Karnataka,Chitradurga,Chitradurga,14.0895,76.363,2026-07-13 12:07:09,6.704,0.1789018020873716,SAFE,2.87
250924,Karnataka,Tumakuru,Tumakuru,13.268312,77.001243,2026-07-13 12:07:11,46.481,0.2866284272301316,SAFE,46.254333333333335
250109,Karnataka,Tumakuru,Chiknayakanhalli,13.5412,76.5653,2026-07-14 12:07:09,8.74,0.3649763410688741,SAFE,8.699
110107,Karnataka,Hassan,Alur,12.996667,75.964722,2026-07-15 12:07:00,36.473,0.3157362574189214,SAFE,36.47533333333334
250543,Karnataka,Tumakuru,Madhugiri,13.889188,77.181239,2026-07-15 12:07:09,125.437,0.0820716220290455,SAFE,123.84066666666666
070241,Karnataka,Chitradurga,Chitradurga,14.1875,76.445,2026-07-15 12:07:09,9.396,0.3652377815739933,SAFE,9.411
250141,Karnataka,Tumakuru,Chiknayakanhalli,13.616118,76.464488,2026-07-15 12:07:10,0.087,0.2911872749994119,SAFE,0.24
051105,Karnataka,Vijayapura,Sindgi,16.9606,76.1418,2026-07-16 06:07:09,0.16,0.2486194710917609,SAFE,1.0726666666666669
170305HP,Karnataka,Davangere,Honnali,14.1098,75.731,2026-07-16 06:07:10,4.618,0.3458775611959124,SAFE,4.448
170520,Karnataka,Shivamogga,Sagar,14.1375,75.1069,2026-07-16 12:07:00,8.507,0.3562131751417092,SAFE,8.71
070754,Karnataka,Chitradurga,Hosdurga,13.926,76.4501,2026-07-16 12:07:09,66.933,0.0715681834484606,SAFE,61.076
050208,Karnataka,Bagalkot,Bagalkot,16.1857,75.6943,2026-07-17 12:07:00,25.897,0.3365445700767698,SAFE,26.048
010412,Karnataka,Ramanagara,Channapatna,12.6410322,77.1502968,2026-07-17 12:07:09,0.607,0.3082781938865594,SAFE,0.6833333333333332
140310,Karnataka,Mandya,Malavalli,12.30586,77.02594,2026-07-17 12:07:10,15.59,0.359583799379269,SAFE,15.52
130936,Karnataka,Kolar,Mulbagal,13.17956,78.53375,2026-07-17 12:07:10,3.863,0.1991266464043414,SAFE,5.2106666666666674
011112,Karnataka,Ramanagara,Ramanagaram,12.798469,77.293397,2026-07-17 12:07:11,54.151,0.2707340459067349,SAFE,54.13666666666666
130532,Karnataka,Chikkaballapura,Gauribidanur,13.46701,77.57103,2026-07-17 12:07:11,87.18,0.0406629308455818,SAFE,90.75966666666666
010746,Karnataka,Bengaluru Rural,Hoskote,13.13,77.926,2026-07-22 06:07:21,132.576,0.0201232768037393,SAFE,127.874
100708,Karnataka,Kalaburagi,Sedam,17.046837,77.447036,2026-07-22 12:07:09,3.517,0.3340054446369296,SAFE,3.264666666666667
150115,Karnataka,Chamrajnagar,Chamrajnagar,11.83,77.0055,2026-07-22 12:07:10,18.175,0.3467453121424309,SAFE,17.807666666666666
250506,Karnataka,Tumakuru,Madhugiri,13.764152,77.197492,2026-07-22 12:07:12,0.153,0.2578147291710957,SAFE,0.8266666666666667
150321,Karnataka,Mysuru,H D Kote,12.12205,76.47746,2026-07-22 12:07:21,0.18,0.1835075988015385,SAFE,3.0700000000000003
150911,Karnataka,Mysuru,Piriyapatna,12.4958,76.2097,2026-07-23 12:07:09,9.713,0.3588195779772358,SAFE,9.632666666666664
250218,Karnataka,Tumakuru,Gubbi,13.44243,76.979514,2026-07-25 12:07:10,13.459,0.3665576216080793,SAFE,13.465333333333334
250819,Karnataka,Tumakuru,Tiptur,13.183945,76.440671,2026-07-26 12:07:10,0.88,0.1655669814956529,SAFE,3.7406666666666673
070315,Karnataka,Davangere,Davangere,14.4817,76.078,2026-07-26 12:07:10,9.207,0.3557071712634734,SAFE,9.165
120112HP,Karnataka,Kodagu,Madikeri,12.2628,75.655,2026-07-29 12:07:00,12.846,0.3418782993776345,SAFE,13.215333333333334
250805,Karnataka,Tumakuru,Tiptur,13.164842,76.557889,2026-07-29 12:07:10,3.974,0.2099549070977419,SAFE,2.4886666666666666
190105,Karnataka,Uttara Kannada,Ankola,14.7369,74.5194,2026-07-30 12:07:12,4.499,0.3090022199493471,SAFE,3.7076666666666656
250532,Karnataka,Tumakuru,Madhugiri,13.728688,77.418755,2026-07-31 12:07:11,28.584,0.3157279590790173,SAFE,27.89
130547,Karnataka,Chikkaballapura,Gauribidanur,13.61719,77.44195,2026-08-01 12:08:10,22.9,0.0061971503629332,SAFE,36.173
170230,Karnataka,Davangere,Channagiri,13.8391,75.928,2026-08-01 12:08:14,5.411,0.3374643190134813,SAFE,5.917333333333333
130523,Karnataka,Chikkaballapura,Gauribidanur,13.68027,77.55213,2026-08-02 12:08:15,14.443,0.3649024972112423,SAFE,14.459333333333332
090411HP,Karnataka,Haveri,Hangal,14.77342,75.12461,2026-08-03 12:08:00,5.436,0.3594488063051331,SAFE,5.423333333333333
020103,Karnataka,Belagavi,Kagwad,16.746,74.901,2026-08-03 12:08:09,0.898,0.1474320651463511,SAFE,4.124666666666667
070106,Karnataka,Chitradurga,Challakere,14.236,76.66097,2026-08-03 12:08:10,13.439,0.3418541203272571,SAFE,12.682333333333332
130904,Karnataka,Kolar,Mulbagal,13.28083,78.568611,2026-08-03 12:08:18,17.304,0.2424948346636353,SAFE,15.370333333333331
070638,Karnataka,Chitradurga,Holalkere,13.9502,76.082,2026-08-04 12:08:09,60.57,0.2409247919675031,SAFE,60.068000000000005
250127,Karnataka,Tumakuru,Chiknayakanhalli,13.511556,76.474944,2026-08-04 12:08:10,37.914,0.2449319520843468,SAFE,35.97466666666667
070135,Karnataka,Chitradurga,Challakere,14.2629,76.8465,2026-08-04 12:08:11,0.363,0.2925215662986383,SAFE,0.1883333333333333
070537,Karnataka,Chitradurga,Hiriyur,14.0214,76.7347,2026-08-05 12:08:09,1.792,0.2211470144574053,SAFE,3.0386666666666664
250830,Karnataka,Tumakuru,Tiptur,13.273211,76.368186,2026-08-05 12:08:11,32.625,0.3258882732965426,SAFE,32.608
191106,Karnataka,Uttara Kannada,Yellapur,15.0094,74.73412,2026-08-06 12:08:09,5.596,0.3546034661406215,SAFE,5.6626666666666665
070116,Karnataka,Chitradurga,Challakere,14.4486,76.66047,2026-08-06 12:08:10,1.66,0.3209657606084664,SAFE,1.8343333333333327
150228,Karnataka,Chamrajnagar,Gundlupet,11.9359,76.6411,2026-08-06 12:08:10,18.408,0.0369447195827491,SAFE,0.057
010843,Karnataka,Ramanagara,Harohalli,12.612462,77.525002,2026-08-06 12:08:12,15.899,0.3374725750073867,SAFE,15.133666666666665
150226,Karnataka,Chamrajnagar,Gundlupet,11.7595,76.6616,2026-08-06 12:08:12,35.411,0.317616840981346,SAFE,35.46533333333334
150237,Karnataka,Chamrajnagar,Gundlupet,11.7281,76.8189,2026-08-06 12:08:13,27.279,0.3389674226408953,SAFE,27.307
131012,Karnataka,Chikkaballapura,Sidlaghatta,13.393683,77.8655,2026-08-07 12:08:00,27.253,0.3372183967065719,SAFE,27.4
050226,Karnataka,Bagalkot,Bagalkot,16.2145,75.6118,2026-08-09 12:08:10,19.332,0.3559192394700777,SAFE,19.377666666666663
060219,Karnataka,Chikkamagaluru,Kadur,13.435351,76.04429,2026-08-09 12:08:12,34.196,0.3112309408228389,SAFE,33.70033333333333
250934,Karnataka,Tumakuru,Tumakuru,13.342272,77.03971,2026-08-09 12:08:17,16.619,0.3272763519699771,SAFE,17.485333333333333
081301,Karnataka,Udupi,Kap,13.23605,74.7458,2026-08-10 06:08:10,5.892,0.3254880602139482,SAFE,6.580333333333333
170237,Karnataka,Davangere,Channagiri,14.0761,76.034,2026-08-10 06:08:11,32.762,0.2289598664011634,SAFE,29.075333333333333
130135,Karnataka,Chikkaballapura,Bagepalli,13.78492,77.94991,2026-08-10 12:08:10,0.063,0.3002639211268399,SAFE,0.1803333333333333
070129,Karnataka,Chitradurga,Challakere,14.4691,76.92701,2026-08-10 12:08:10,32.005,0.3174501130075835,SAFE,32.049
250725,Karnataka,Tumakuru,Sira,13.725247,76.967533,2026-08-11 12:08:00,7.7,0.3524750526139032,SAFE,7.965666666666666
191008,Karnataka,Uttara Kannada,Joida,15.43834,74.31006,2026-08-13 07:08:11,4.619,0.3578092543199148,SAFE,4.623333333333334
070119,Karnataka,Chitradurga,Challakere,14.2791,76.79706,2026-08-13 12:08:09,1.598,0.2711930938134493,SAFE,1.5
051125HP,Karnataka,Vijayapura,Alamela,17.1625,76.3223,2026-08-13 12:08:09,0.045,0.3006272093963469,SAFE,0.179
191101,Karnataka,Uttara Kannada,Yellapur,14.86037,74.81706,2026-08-13 12:08:10,10.381,0.3676604475783757,SAFE,10.354333333333331
050134,Karnataka,Bagalkot,Badami,15.9243,75.5461,2026-08-13 12:08:11,43.889,0.2992993580067973,SAFE,43.89966666666667
130707,Karnataka,Kolar,Kolar,13.22083,77.9725,2026-08-13 12:08:11,0.032,0.2865020408626936,SAFE,0.368
250816,Karnataka,Tumakuru,Tiptur,13.259917,76.466442,2026-08-14 12:08:00,55.33,0.256759406562701,SAFE,54.87566666666667
010822,Karnataka,Ramanagara,Kanakapura,12.678066,77.506904,2026-08-17 06:08:09,0.031,0.2843632169293038,SAFE,0.3916666666666666
100407,Karnataka,Kalaburagi,Kalgi,17.243901,77.055914,2026-08-17 12:08:00,1.905,0.3331461235120967,SAFE,1.923333333333333
011122,Karnataka,Ramanagara,Ramanagaram,12.657265,77.347734,2026-08-17 12:08:09,54.827,0.068051227858091,SAFE,59.153
110317HP,Karnataka,Hassan,Arsikere,13.375556,76.128611,2026-08-17 12:08:10,11.85,0.2153951128876477,SAFE,11.416
130816,Karnataka,Kolar,Malur,13.03467,77.985905,2026-08-17 12:08:12,109.949,0.0414232378110261,SAFE,112.408
100502,Karnataka,Kalaburagi,Kalaburagi,17.427983,76.678247,2026-08-18 12:08:00,6.383,0.3632296663786607,SAFE,6.307
101020,Karnataka,Yadgir,Yadgir,16.905606,77.064346,2026-08-18 12:08:00,11.681,0.3653157594764721,SAFE,11.630666666666668
101010,Karnataka,Yadgir,Gurmatkal,16.647886,77.337441,2026-08-18 12:08:00,18.015,0.3568656054146761,SAFE,18.01833333333333
120314HP,Karnataka,Kodagu,Virarajendrapet,12.3169,75.9347,2026-08-18 12:08:09,0.055,0.2978287452959473,SAFE,0.1616666666666666
010615,Karnataka,Bengaluru Rural,Dod Ballapur,13.34861,77.45417,2026-08-18 12:08:10,17.596,0.3601889070553228,SAFE,17.552333333333333
130210,Karnataka,Kolar,Bangarapet,12.8775,78.200278,2026-08-18 12:08:11,0.059,0.1485012821228826,SAFE,3.382
080816H,Karnataka,Udupi,Baindur,13.848112,74.6725904,2026-08-20 12:08:09,10.263,0.3669510580874163,SAFE,10.259666666666666
050215,Karnataka,Bagalkot,Bagalkot,16.2221,75.7568,2026-08-20 12:08:11,9.067,0.3672012095090546,SAFE,9.042666666666667
020702,Karnataka,Belagavi,Khanapur,15.4149,74.614,2026-08-20 12:08:11,3.648,0.3520797490654304,SAFE,3.648333333333333
070544,Karnataka,Chitradurga,Hiriyur,13.7993,76.741,2026-08-21 12:08:09,8.215,0.1767618167137387,SAFE,4.852333333333333
070246,Karnataka,Chitradurga,Chitradurga,14.3444,76.2068,2026-08-21 12:08:10,16.831,0.3018216249596492,SAFE,15.534
130412,Karnataka,Chikkaballapura,Chintamani,13.437444,78.125861,2026-08-21 12:08:10,4.545,0.3500646530047399,SAFE,4.731333333333333
150910,Karnataka,Mysuru,Piriyapatna,12.3817,76.037,2026-08-21 12:08:11,13.491,0.3595945870512197,SAFE,13.365
011105,Karnataka,Ramanagara,Ramanagaram,12.853175,77.299658,2026-08-23 12:08:09,46.51,0.2891460225106095,SAFE,46.508
250835,Karnataka,Tumakuru,Tiptur,13.219549,76.420403,2026-08-23 12:08:09,14.628,0.1401765350602575,SAFE,10.865333333333334
040314HP,Karnataka,Bidar,Bhalki,18.07608,77.33946,2026-08-23 12:08:09,14.888,0.3647652225380871,SAFE,14.844
070837,Karnataka,Davangere,Jagalur,14.4739,76.266,2026-08-23 12:08:09,10.948,0.3466594375231405,SAFE,11.429666666666668
010812,Karnataka,Ramanagara,Kanakapura,12.44727,77.323035,2026-08-23 12:08:09,6.745,0.3623179343492312,SAFE,6.788333333333334
170709HP,Karnataka,Shivamogga,Shivamogga,13.8856,75.6489,2026-08-23 12:08:10,6.721,0.3549625983011165,SAFE,7.004666666666666
070543,Karnataka,Chitradurga,Hiriyur,13.9346,76.6923,2026-08-23 12:08:10,2.634,0.3380960962737168,SAFE,2.673666666666666
130804,Karnataka,Kolar,Malur,12.86806,78.002778,2026-08-23 12:08:10,13.771,0.3528052571900556,SAFE,13.861
250922,Karnataka,Tumakuru,Tumakuru,13.437187,77.114825,2026-08-23 12:08:12,41.465,0.2931175748194016,SAFE,41.78333333333333
110706,Karnataka,Hassan,Hole Narsipur,12.787222,76.241111,2026-08-28 12:08:00,7.835,0.3611390680355655,SAFE,7.997
80308HD,Karnataka,Dakshina Kannada,Mudbidri,13.0653,74.9942,2026-08-29 12:08:00,24.959,0.3362610321217893,SAFE,25.09233333333333
080512,Karnataka,Dakshina Kannada,Sulya,12.554,75.3857,2026-08-29 12:08:00,7.6,0.3161875901296792,SAFE,6.611
130216,Karnataka,Kolar,K.G.F,13.01333,78.397778,2026-08-30 12:08:00,5.776,0.3612314756240349,SAFE,5.747333333333334
130326,Karnataka,Chikkaballapura,Chik Ballapur,13.414683,77.696861,2026-08-30 12:08:22,45.039,0.1860982264953479,SAFE,46.714333333333336
250114,Karnataka,Tumakuru,Chiknayakanhalli,13.6173,76.6741,2026-08-31 12:08:09,0.257,0.2170832623225495,SAFE,2.0286666666666666
250722,Karnataka,Tumakuru,Sira,14.008278,76.944258,2026-08-31 12:08:10,42.125,0.3038806089227044,SAFE,42.16166666666666
130917,Karnataka,Kolar,Mulbagal,13.21662,78.53497,2026-09-01 12:09:09,4.722,0.3576468886797377,SAFE,4.721666666666667
170309A,Karnataka,Davangere,Honnali,14.2152,75.712,2026-09-01 12:09:11,1.73,0.2995894634628435,SAFE,2.114
070812,Karnataka,Davangere,Jagalur,14.6368,76.34,2026-09-02 06:09:09,0.57,0.2876562681699282,SAFE,1.0206666666666668
140218,Karnataka,Mandya,Maddur,12.63532,76.99327,2026-09-02 06:09:17,6.887,0.0110130164336902,SAFE,17.881
070161,Karnataka,Chitradurga,Challakere,14.1732,76.878,2026-09-02 12:09:10,4.422,0.1642781212285022,SAFE,3.2876666666666665
020229,Karnataka,Belagavi,Athni,16.734,75.3003,2026-09-02 12:09:10,87.013,0.04092747295504,SAFE,89.58766666666666
250206,Karnataka,Tumakuru,Gubbi,13.371558,76.875889,2026-09-03 12:09:09,0.46,0.222284071050283,SAFE,1.9726666666666668
050304BW,Karnataka,Vijayapura,Kolhar,16.4597,75.7486,2026-09-04 12:09:00,2.372,0.3350237881079714,SAFE,2.267
110338,Karnataka,Hassan,Arsikere,13.329,76.3049,2026-09-04 12:09:10,14.093,0.3650191206141354,SAFE,14.045333333333332
250410,Karnataka,Tumakuru,Kunigal,12.900431,77.041189,2026-09-04 12:09:11,31.127,0.3334105797600374,SAFE,31.12333333333333
250320,Karnataka,Tumakuru,Koratagere,13.565822,77.141403,2026-09-04 12:09:11,89.276,0.2048263716404549,SAFE,89.27666666666669
020101,Karnataka,Belagavi,Athni,16.7235,75.0576,2026-09-05 12:09:00,8.078,0.3645279253295098,SAFE,8.055
080809H,Karnataka,Udupi,Kundapura,13.61849,74.69194,2026-09-05 12:09:00,4.366,0.3556433882142742,SAFE,4.362
080904Hd,Karnataka,Udupi,Brahmavar,13.419104,74.859037,2026-09-05 12:09:00,5.297,0.3504194715091858,SAFE,5.001
040112HP,Karnataka,Bidar,Aurad,18.13269,77.5233,2026-09-05 12:09:09,8.082,0.3453947006581754,SAFE,7.680333333333333
130310,Karnataka,Chikkaballapura,Chik Ballapur,13.599622,77.737892,2026-09-05 12:09:09,7.371,0.3655588006706806,SAFE,7.352666666666667
131118,Karnataka,Kolar,Srinivaspur,13.27556,78.170833,2026-09-05 12:09:10,31.844,0.3288777382248198,SAFE,31.857666666666663
091801,Karnataka,Gadag,Lakshmeshwar,15.05943,75.51004,2026-09-06 12:09:00,17.744,0.3530454795972494,SAFE,17.550333333333334
130442,Karnataka,Chikkaballapura,Chintamani,13.388663,78.080998,2026-09-06 12:09:10,1.637,0.0067361546337886,SAFE,14.490666666666668
010742,Karnataka,Bengaluru Rural,Hoskote,13.063,77.872,2026-09-06 12:09:11,164.14,0.0620488057483232,SAFE,164.129
250939,Karnataka,Tumakuru,Tumakuru,13.288963,77.138054,2026-09-06 12:09:14,1.379,0.2372873292091932,SAFE,2.7070000000000003
131133,Karnataka,Kolar,Srinivaspur,13.57167,78.364166,2026-09-06 12:09:14,1.198,0.0298996598997046,SAFE,8.731
010818,Karnataka,Ramanagara,Kanakapura,12.430382,77.540231,2026-09-07 12:09:00,21.631,0.3378307627107527,SAFE,21.80666666666667
170401B,Karnataka,Shivamogga,Hosanagara,13.82333,75.79667,2026-09-07 12:09:00,9.416,0.365814535316387,SAFE,9.325
170901A,Karnataka,Shivamogga,Tirthahalli,13.6888,75.25,2026-09-07 12:09:00,6.419,0.3643829166991451,SAFE,6.329666666666667
020406,Karnataka,Belagavi,Nipani,16.3975,74.3787,2026-09-07 12:09:00,2.18,0.3314629678462411,SAFE,2.103
020904,Karnataka,Belagavi,Raybag,16.6217,74.8565,2026-09-07 12:09:00,4.718,0.3450612285408878,SAFE,4.987000000000001
020705,Karnataka,Belagavi,Khanapur,15.6359,74.5057,2026-09-07 12:09:00,6.633,0.3635341619476814,SAFE,6.536666666666666
170313HP,Karnataka,Davangere,Nyamati,14.1237,75.489,2026-09-07 12:09:00,7.933,0.3649746338541993,SAFE,7.913333333333334
170310,Karnataka,Davangere,Honnali,14.2364,75.657,2026-09-07 12:09:00,7.645,0.3651868377994882,SAFE,7.609666666666667
091202,Karnataka,Dharwad,Annigeri,15.43071,75.43824,2026-09-07 12:09:00,3.924,0.3541106523850777,SAFE,3.907666666666666
030708,Karnataka,Ballari,Sandur,15.087524,76.544495,2026-09-07 12:09:00,13.032,0.367469734900154,SAFE,13.014666666666669
090220HP,Karnataka,Dharwad,Alnavar,15.43091,74.7395,2026-09-07 12:09:00,2.144,0.3252770094037099,SAFE,2.3303333333333334
040520HP,Karnataka,Bidar,Chitgoppa,17.66026,77.42461,2026-09-07 12:09:00,19.201,0.3571126645356514,SAFE,19.143666666666665
150502,Karnataka,Chamrajnagar,Kollegal,12.1536,77.1108,2026-09-07 12:09:00,8.325,0.353808887306093,SAFE,8.714
130608,Karnataka,Chikkaballapura,Gudibanda,13.670681,77.711861,2026-09-07 12:09:00,13.222,0.3439003687994271,SAFE,12.753666666666668
030609,Karnataka,Vijayanagara,Kudligi,14.902893,76.393127,2026-09-07 12:09:00,6.67,0.3634953463242222,SAFE,6.655666666666666
020207,Karnataka,Belagavi,Kittur,15.7254,74.6945,2026-09-07 12:09:00,12.781,0.3655559976182342,SAFE,12.862
030103,Karnataka,Ballari,Ballari,15.150085,76.933289,2026-09-07 12:09:00,2.517,0.332776753328175,SAFE,2.3566666666666665
021020,Karnataka,Belagavi,Saundatti,15.7529,75.1139,2026-09-07 12:09:00,9.709,0.3656997022767369,SAFE,9.742
170101A,Karnataka,Shivamogga,Bhadravati,13.84472,75.70917,2026-09-07 12:09:00,6.116,0.3638812640776152,SAFE,6.019000000000001
091401,Karnataka,Gadag,Gajendragarh,15.73222,75.96434,2026-09-07 12:09:00,17.285,0.3623759316563613,SAFE,17.294999999999998
150201,Karnataka,Chamrajnagar,Gundlupet,11.8058,76.6874,2026-09-07 12:09:00,32.571,0.3231058828035499,SAFE,32.317
091204HP,Karnataka,Dharwad,Navalgund,15.54899,75.35523,2026-09-07 12:09:00,10.377,0.3677388900979384,SAFE,10.365
011008,Karnataka,Bengaluru Rural,Nelamangala,13.09472,77.4025,2026-09-07 12:09:00,117.485,0.0861429764449325,SAFE,115.07633333333332
050601,Karnataka,Bagalkot,Hungund,16.0519,76.0635,2026-09-07 12:09:00,3.293,0.3486877948734175,SAFE,3.2130000000000005
040529HP,Karnataka,Bidar,Bhalki,18.04905,77.21232,2026-09-07 12:09:00,41.103,0.2829334379337041,SAFE,40.078333333333326
020912,Karnataka,Belagavi,Raybag,16.48888,74.7806,2026-09-07 12:09:00,14.292,0.3592366233581943,SAFE,14.050333333333333
080314,Karnataka,Dakshina Kannada,Mangaluru,12.8878,74.8523,2026-09-07 12:09:00,36.884,0.2635488409881376,SAFE,37.14266666666666
090801,Karnataka,Dharwad,Kalghatgi,15.1801,74.97114,2026-09-07 12:09:00,1.942,0.329120401403019,SAFE,1.863
010916,Karnataka,Ramanagara,Magadi,12.95742,77.23351,2026-09-07 12:09:00,25.854,0.3384233117348685,SAFE,25.85766666666667
090703HP,Karnataka,Dharwad,Hubballi,15.357693,75.265929,2026-09-07 12:09:00,5.16,0.3581949869831664,SAFE,5.1323333333333325
130517,Karnataka,Chikkaballapura,Gauribidanur,13.609617,77.519947,2026-09-07 12:09:00,13.958,0.2360781275784085,SAFE,14.052666666666669
150504,Karnataka,Chamrajnagar,Kollegal(Hanur),12.0884,77.3005,2026-09-07 12:09:00,13.68,0.3670858589495697,SAFE,13.678666666666668
010401,Karnataka,Ramanagara,Channapatna,12.653673,77.204588,2026-09-07 12:09:00,18.23,0.357932735386807,SAFE,18.22
250502,Karnataka,Tumakuru,Madhugiri,13.639889,77.210439,2026-09-07 12:09:00,9.796,0.36593702062017,SAFE,9.745333333333331
040403HP,Karnataka,Bidar,Basavakalyan,17.81807,76.96058,2026-09-07 12:09:00,12.33,0.3633399586075395,SAFE,12.153
050802,Karnataka,Bagalkot,Rabkavi Banhatti,16.4766,75.1058,2026-09-07 12:09:00,4.409,0.3572823025203848,SAFE,4.420000000000001
30412HP,Karnataka,Ballari,Kampli,15.404972,76.605837,2026-09-07 12:09:00,6.292,0.335150349744702,SAFE,6.501666666666666
051010,Karnataka,Bagalkot,Mudhol,16.3408,75.2772,2026-09-07 12:09:00,3.452,0.3485113389896437,SAFE,3.522333333333333
090305,Karnataka,Gadag,Gadag,15.42177,75.62395,2026-09-07 12:09:00,4.798,0.3576344645998296,SAFE,4.819
150114,Karnataka,Chamrajnagar,Chamrajnagar,11.9183,76.9401,2026-09-07 12:09:00,22.644,0.3515023882353461,SAFE,22.60233333333333
170701A,Karnataka,Shivamogga,Shivamogga,13.9452,75.575,2026-09-07 12:09:00,7.632,0.3404517068880834,SAFE,6.975666666666666
151105,Karnataka,Chamrajnagar,Yelandur,12.0497,77.0308,2026-09-07 12:09:00,6.65,0.3638848507854495,SAFE,6.607
130301,Karnataka,Chikkaballapura,Chik Ballapur,13.429297,77.730789,2026-09-07 12:09:00,99.015,0.1353020544902862,SAFE,98.119
030204,Karnataka,Vijayanagara,H Hadagali,15.009521,75.933289,2026-09-07 12:09:00,9.442,0.3665291679567498,SAFE,9.393
030808,Karnataka,Ballari,Siruguppa,15.632324,76.900879,2026-09-07 12:09:00,4.545,0.356100792052797,SAFE,4.453
170201A,Karnataka,Davangere,Channagiri,14.0238,75.931,2026-09-07 12:09:00,6.171,0.3644602067859737,SAFE,6.154666666666667
050501,Karnataka,Bagalkot,Bilgi,16.3448,75.629,2026-09-07 12:09:00,6.847,0.3650333058588761,SAFE,6.884
250729,Karnataka,Tumakuru,Sira,13.699617,76.748178,2026-09-07 12:09:10,15.829,0.3648490430886484,SAFE,15.822333333333331
251004,Karnataka,Tumakuru,Turuvekere,13.221883,76.704236,2026-09-07 12:09:11,14.143,0.363179698040737,SAFE,14.067999999999998
020701,Karnataka,Belagavi,Khanapur,15.4569,74.327,2026-09-07 12:09:13,11.527,0.1937963979532343,SAFE,9.997333333333332
100406,Karnataka,Kalaburagi,Chitapur,17.121715,77.089782,2026-09-08 12:09:00,4.517,0.3541816916626837,SAFE,4.343
251005,Karnataka,Tumakuru,Turuvekere,13.168503,76.668742,2026-09-08 12:09:00,3.507,0.3499927559167828,SAFE,3.462666666666667
090602,Karnataka,Haveri,Hirekerur,14.45571,75.39078,2026-09-08 12:09:00,15.255,0.3530464940803956,SAFE,14.832333333333333
130218,Karnataka,Kolar,K.G.F,12.95139,78.271944,2026-09-08 12:09:00,33.15,0.3254425172182649,SAFE,33.056333333333335
250120,Karnataka,Tumakuru,Chiknayakanhalli,13.412209,76.620157,2026-09-08 12:09:00,62.11,0.2556998766277122,SAFE,62.11166666666667
010503,Karnataka,Bengaluru Rural,Devanahalli,13.24673,77.71595,2026-09-08 12:09:00,51.448,0.2805930289764273,SAFE,51.45433333333333
050116,Karnataka,Bagalkot,Badami,15.9167,75.6753,2026-09-08 12:09:00,26.347,0.3370621282479211,SAFE,26.206333333333333
010722,Karnataka,Bengaluru Rural,Hoskote,13.07639,77.78556,2026-09-08 12:09:00,24.322,0.346154099296617,SAFE,24.322
110415HP,Karnataka,Hassan,Belur,13.163611,75.885833,2026-09-08 12:09:00,6.54,0.3087143065095669,SAFE,5.788333333333334
091809,Karnataka,Gadag,Ron,15.66919,75.62374,2026-09-08 12:09:00,19.203,0.3539344631850954,SAFE,19.335666666666665
010206,Karnataka,Bengaluru Urban,Bengaluru North,13.08306,77.50138,2026-09-08 12:09:00,26.252,0.2618579576067492,SAFE,24.632
090604,Karnataka,Haveri,Rattihalli,14.42042,75.50758,2026-09-08 12:09:00,17.284,0.3433154083654797,SAFE,17.796000000000003
100510,Karnataka,Kalaburagi,Kalaburagi,17.36912,76.828513,2026-09-08 12:09:00,17.06,0.3578814404103155,SAFE,16.88233333333333
120210Hp,Karnataka,Kodagu,Kushalanagara,12.4528,75.8333,2026-09-08 12:09:00,13.534,0.3667547893138433,SAFE,13.527
090502,Karnataka,Haveri,Haveri,14.79169,75.39769,2026-09-08 12:09:00,19.028,0.3514402489081381,SAFE,18.73333333333333
250917,Karnataka,Tumakuru,Tumakuru,13.329108,77.097208,2026-09-08 12:09:00,1.648,0.3227798010875631,SAFE,1.6316666666666668
100503,Karnataka,Kalaburagi,Kalaburagi,17.317535,76.835408,2026-09-08 12:09:00,11.484,0.3649941114005297,SAFE,11.415333333333333
091609,Karnataka,Haveri,Shiggaon,14.98379,75.22484,2026-09-08 12:09:00,6.157,0.3480067465367453,SAFE,6.316666666666666
110503,Karnataka,Hassan,Channarayapatna,12.904722,76.386944,2026-09-08 12:09:00,5.723,0.3486480882125033,SAFE,5.976
080902Hd,Karnataka,Udupi,Brahmavar,13.44444,74.73138,2026-09-08 12:09:00,4.978,0.3520443869896165,SAFE,4.735666666666667
250401,Karnataka,Tumakuru,Kunigal,13.022931,77.020086,2026-09-08 12:09:00,18.049,0.3482483776117641,SAFE,17.703
110815,Karnataka,Hassan,Sakleshpur,12.945556,75.786111,2026-09-08 12:09:00,15.157,0.3664148913192624,SAFE,15.138
091502,Karnataka,Haveri,Savanur,15.03689,75.40415,2026-09-08 12:09:00,2.836,0.3385163272828702,SAFE,2.75
110201,Karnataka,Hassan,Arkalgud,12.76056,76.06083,2026-09-08 12:09:00,9.295,0.3462208866576251,SAFE,8.976
120321BW,Karnataka,Kodagu,Virarajendrapet,12.2972,75.8746,2026-09-08 12:09:00,19.239,0.3572594571673352,SAFE,19.227666666666668
190110,Karnataka,Uttara Kannada,Ankola,14.6231,74.3494,2026-09-08 12:09:00,8.443,0.3586924403578188,SAFE,8.198666666666666
250601,Karnataka,Tumakuru,Pavagada,14.10199,77.28806,2026-09-08 12:09:00,16.495,0.3627906628434558,SAFE,16.495666666666665
131112,Karnataka,Kolar,Srinivaspur,13.34722,78.216667,2026-09-08 12:09:00,61.601,0.2575556294947809,SAFE,61.42966666666666
250314,Karnataka,Tumakuru,Koratagere,13.527654,77.241376,2026-09-08 12:09:00,5.25,0.3577050148086493,SAFE,5.245
080711Hd,Karnataka,Udupi,Hebri,13.397865,75.003011,2026-09-08 12:09:00,16.318,0.3629796266875465,SAFE,16.311666666666667
110618HP,Karnataka,Hassan,Hassan,12.985,76.218056,2026-09-08 12:09:00,7.882,0.3626813283365618,SAFE,7.810666666666667
090101HP,Karnataka,Haveri,Byadgi,14.67819,75.49339,2026-09-08 12:09:00,4.658,0.3570447652867803,SAFE,4.567
091301,Karnataka,Haveri,Ranibennur,14.61081,75.6375,2026-09-08 12:09:00,4.65,0.3549035442022483,SAFE,4.508
110310,Karnataka,Hassan,Arsikere,13.311667,76.2575,2026-09-08 12:09:00,7.796,0.3571461658354793,SAFE,7.9926666666666675
250208,Karnataka,Tumakuru,Gubbi,13.318992,76.8621,2026-09-08 12:09:00,10.024,0.3656067832243877,SAFE,9.954333333333334
040524HP,Karnataka,Bidar,Bhalki,17.89202,77.33335,2026-09-08 12:09:09,11.65,0.3588002424776096,SAFE,11.521666666666668
130538,Karnataka,Chikkaballapura,Gauribidanur,13.71769,77.54295,2026-09-08 12:09:10,0.346,0.2772988317038994,SAFE,0.691
091205,Karnataka,Dharwad,Navalgund,15.57688,75.16335,2026-09-08 12:09:10,7.72,0.3640133275109447,SAFE,7.733999999999999
051102HP,Karnataka,Vijayapura,Devar Hippargi,16.8204,76.0749,2026-09-09 12:09:00,10.108,0.3549817338613378,SAFE,10.475666666666667
160902,Karnataka,Koppal,Yelbarga,15.610317,76.011558,2026-09-09 12:09:00,30.199,0.3339525446492419,SAFE,30.197666666666663
140525,Karnataka,Mandya,Nagamangala,12.8342,76.75185,2026-09-09 12:09:00,17.696,0.3564126976172898,SAFE,17.584
160403,Karnataka,Koppal,Kushtagi,15.8616,76.209,2026-09-09 12:09:00,2.581,0.3411006653310348,SAFE,2.5866666666666664
190709,Karnataka,Uttara Kannada,Mundgod,14.9772,74.8878,2026-09-09 12:09:00,3.304,0.3354575533809745,SAFE,3.0090000000000003
191004,Karnataka,Uttara Kannada,Joida,14.99352,74.36919,2026-09-09 12:09:00,2.748,0.3205205633104613,SAFE,2.328
050301BW,Karnataka,Vijayapura,Basavana Bagevadi,16.5766,75.9679,2026-09-09 12:09:00,21.86,0.3429882744159527,SAFE,22.282666666666668
050704,Karnataka,Vijayapura,Indi,17.1729,75.9561,2026-09-09 12:09:00,15.844,0.3636456470101818,SAFE,15.765333333333333
150305,Karnataka,Mysuru,H D Kote,12.1221,76.4774,2026-09-09 12:09:00,8.828,0.3597040533277222,SAFE,8.682666666666668
150403,Karnataka,Mysuru,Hunsur,12.3129,76.2885,2026-09-09 12:09:00,9.79,0.363649402516461,SAFE,9.667000000000002
140427,Karnataka,Mandya,Mandya,12.52403,76.88229,2026-09-09 12:09:00,7.73,0.3636288776016949,SAFE,7.777666666666666
140127,Karnataka,Mandya,Krishnarajpet,12.65907,76.48711,2026-09-09 12:09:00,10.898,0.3671262047724795,SAFE,10.873666666666669
190914,Karnataka,Uttara Kannada,Sirsi,14.56308,74.81777778,2026-09-09 12:09:00,5.176,0.3590413065648126,SAFE,5.122
020315,Karnataka,Belagavi,Belagavi,15.8345,74.5062,2026-09-09 12:09:00,6.704,0.3118517397648815,SAFE,5.636333333333333
050413HP,Karnataka,Vijayapura,Bobleshwar,16.6671,75.5794,2026-09-09 12:09:00,5.562,0.3605030862249843,SAFE,5.534
140215,Karnataka,Mandya,Maddur,12.58252,77.03808,2026-09-09 12:09:00,21.009,0.351005372472677,SAFE,21.014666666666667
190813,Karnataka,Uttara Kannada,Siddapur,14.48188,74.87382,2026-09-09 12:09:00,14.0,0.3662722228496739,SAFE,13.988
150313,Karnataka,Mysuru,Sargur,12.00825,76.39024,2026-09-09 12:09:00,12.844,0.3648798911371139,SAFE,12.847
130914,Karnataka,Kolar,Mulbagal,13.05778,78.43,2026-09-09 12:09:00,11.952,0.3600169849839209,SAFE,11.839333333333334
020215,Karnataka,Belagavi,Bailhongal,15.8183,74.8626,2026-09-09 12:09:00,4.047,0.3519595149107897,SAFE,3.969333333333333
050901HP,Karnataka,Vijayapura,Muddebihal,16.3357,76.1282,2026-09-09 12:09:00,8.832,0.3415250025476245,SAFE,8.290666666666667
190409,Karnataka,Uttara Kannada,Honavar,14.34479,74.42451,2026-09-09 12:09:00,2.261,0.3368785960030109,SAFE,2.2186666666666666
150720,Karnataka,Mysuru,Mysuru,12.34878,76.61236,2026-09-09 12:09:00,3.918,0.3529477260270565,SAFE,3.902333333333333
051101,Karnataka,Vijayapura,Sindgi,16.9229,76.231,2026-09-09 12:09:00,5.72,0.3605697174563995,SAFE,5.657666666666667
190510,Karnataka,Uttara Kannada,Karwar,14.76347,74.21758,2026-09-09 12:09:00,4.105,0.3377215706396073,SAFE,4.295000000000001
020412,Karnataka,Belagavi,Chikodi,16.4232,74.5871,2026-09-09 12:09:00,6.41,0.3636177544499576,SAFE,6.412
070530,Karnataka,Chitradurga,Hiriyur,14.0019,76.5875,2026-09-09 12:09:09,2.777,0.3231565603619981,SAFE,2.529
010623,Karnataka,Bengaluru Rural,Dod Ballapur,13.407,77.37,2026-09-09 12:09:10,6.233,0.0744957129809357,SAFE,11.760333333333334
130826,Karnataka,Kolar,Malur,12.8937,77.963505,2026-09-09 12:09:10,53.914,0.2549258397367474,SAFE,54.06366666666667
050714HP,Karnataka,Vijayapura,Indi,17.2756,75.9682,2026-09-09 12:09:11,13.459,0.119481476704608,SAFE,12.248333333333337
160413,Karnataka,Koppal,Kushtagi,15.84166,75.93566,2026-09-09 12:09:11,22.257,0.1714117481509554,SAFE,25.683666666666667
250519,Karnataka,Tumakuru,Madhugiri,13.712775,77.064665,2026-09-09 12:09:11,0.068,0.2994874021537016,SAFE,0.149
160610HP,Karnataka,Raichur,Manvi,15.593,77.0323,2026-09-10 12:09:00,7.135,0.3639298024705771,SAFE,7.044666666666667
101017,Karnataka,Yadgir,Yadgir,16.77388889,77.18166667,2026-09-10 12:09:00,11.724,0.3652929850663388,SAFE,11.741333333333335
020104,Karnataka,Belagavi,Kagwad,16.7175,74.7536,2026-09-10 12:09:00,16.504,0.3590717005280627,SAFE,16.24933333333333
020509a,Karnataka,Belagavi,Gokak,16.1617,74.8373,2026-09-10 12:09:00,7.082,0.3636978260416823,SAFE,7.070333333333333
020607,Karnataka,Belagavi,Hukeri,16.254,74.4882,2026-09-10 12:09:00,69.31,0.2486423227905462,SAFE,69.29666666666667
160614HP,Karnataka,Raichur,Sirvar,16.1024,77.0155,2026-09-10 12:09:00,3.818,0.3309886715873666,SAFE,4.091333333333334
151001,Karnataka,Mysuru,T Narsipur,12.2089,76.9026,2026-09-10 12:09:00,7.208,0.3624461746287532,SAFE,7.086333333333333
101016,Karnataka,Yadgir,Yadgir,16.752847,77.127869,2026-09-10 12:09:00,13.909,0.3661331605543241,SAFE,13.90333333333333
160705HP,Karnataka,Raichur,Raichur,16.1522,77.2121,2026-09-10 12:09:00,7.113,0.363341641438374,SAFE,7.06
160502,Karnataka,Raichur,Maski,15.959,76.65502,2026-09-10 12:09:00,12.862,0.3655483667630842,SAFE,12.794333333333332
100908,Karnataka,Yadgir,Shorapur,16.46531,76.646342,2026-09-10 12:09:00,40.458,0.3070475572372123,SAFE,40.45933333333334
101008,Karnataka,Yadgir,Yadgir,16.573898,77.252777,2026-09-10 12:09:00,3.631,0.3467847899669306,SAFE,3.6193333333333335
080703Hd,Karnataka,Udupi,Hebri,13.456997,74.985047,2026-09-10 12:09:00,3.897,0.3479160456539624,SAFE,3.701666666666666
070746,Karnataka,Chitradurga,Hosdurga,13.8363,76.2195,2026-09-10 12:09:09,4.34,0.3465880140930676,SAFE,4.142666666666666
250902,Karnataka,Tumakuru,Tumakuru,13.281832,77.186472,2026-09-10 12:09:10,3.956,0.3466073837617585,SAFE,3.9406666666666665
070234,Karnataka,Chitradurga,Chitradurga,14.3791,76.289,2026-09-10 12:09:10,9.561,0.3514748097640117,SAFE,9.824
070110,Karnataka,Chitradurga,Challakere,14.3676,76.65139,2026-09-10 12:09:10,3.36,0.2114531216972481,SAFE,2.859666666666667
130220,Karnataka,Kolar,Bangarapet,12.85167,78.164444,2026-09-10 12:09:11,1.701,0.239357303950554,SAFE,1.2646666666666666
050118,Karnataka,Bagalkot,Badami,15.8928,75.4718,2026-09-10 12:09:18,42.822,0.3083160980089002,SAFE,42.85266666666666
020402a,Karnataka,Belagavi,Chikodi,16.4189,74.5334,2026-09-10 12:09:18,11.687,0.3600313182559266,SAFE,11.840666666666666
170218,Karnataka,Davangere,Channagiri,13.9629,75.854,2026-09-11 06:09:10,1.073,0.2640030937994369,SAFE,0.4666666666666667
250512,Karnataka,Tumakuru,Madhugiri,13.782622,77.295302,2026-09-11 12:09:09,22.045,0.3523067481803763,SAFE,22.049333333333333
130738,Karnataka,Kolar,Kolar,13.08408,78.169134,2026-09-11 12:09:14,17.223,0.3624904509674568,SAFE,17.21066666666667
030410,Karnataka,Ballari,Ballari,15.37847,76.578116,2026-09-11 12:09:19,2.591,0.3411355084704388,SAFE,2.5720000000000005
010629,Karnataka,Bengaluru Rural,Dod Ballapur,13.277,77.555,2026-09-11 12:09:20,13.669,0.1102433075602871,SAFE,11.456
010215,Karnataka,Bengaluru Urban,Bengaluru North,13.06519,77.44336,2026-09-12 06:09:09,78.109,-0.0258808775879102,CRITICAL,9.669333333333332
040211BW,Karnataka,Bidar,Bidar,18.00146,77.4815,2026-09-12 12:09:09,2.913,0.2547875474136112,SAFE,1.5853333333333337
070635,Karnataka,Chitradurga,Holalkere,14.0351,76.4121,2026-09-12 12:09:10,83.482,0.206553983618722,SAFE,83.52566666666667
250522,Karnataka,Tumakuru,Madhugiri,13.631242,77.212987,2026-09-12 12:09:10,7.458,0.1908528271114281,SAFE,4.220666666666666
070245,Karnataka,Chitradurga,Chitradurga,14.4239,76.2339,2026-09-12 12:09:10,5.821,0.363885592373189,SAFE,5.832999999999999
110711HP,Karnataka,Hassan,Hole Narsipur,12.657778,76.259167,2026-09-12 12:09:11,6.617,0.3444083650052472,SAFE,6.19
131119,Karnataka,Kolar,Srinivaspur,13.38361,78.1575,2026-09-12 12:09:11,87.631,0.2009273944402518,SAFE,87.78666666666668
140208,Karnataka,Mandya,Maddur,12.52223,77.03219,2026-09-12 12:09:13,7.231,0.2877270547522876,SAFE,5.815333333333334
131027,Karnataka,Chikkaballapura,Sidlaghatta,13.450604,77.947288,2026-09-12 12:09:14,22.672,0.3515001265514301,SAFE,22.636
070216,Karnataka,Chitradurga,Chitradurga,14.3732,76.5105,2026-09-13 06:09:09,12.254,0.2748918670079445,SAFE,10.182333333333334
050122,Karnataka,Bagalkot,Guledagudda,16.0169,75.7571,2026-09-13 12:09:09,32.038,0.3307657750016221,SAFE,32.01266666666667
130739,Karnataka,Kolar,Kolar,13.25549,78.061562,2026-09-13 12:09:09,89.935,0.2052298229126548,SAFE,89.93266666666666
130439,Karnataka,Chikkaballapura,Chintamani,13.562243,78.125716,2026-09-13 12:09:09,13.865,0.3669130798214303,SAFE,13.898
070532,Karnataka,Chitradurga,Hiriyur,14.1363,76.7907,2026-09-13 12:09:09,10.407,0.3633331394492616,SAFE,10.141
110810HP,Karnataka,Hassan,Sakleshpur,12.965278,75.728889,2026-09-13 12:09:09,11.088,0.3664743697501182,SAFE,11.100666666666667
150225,Karnataka,Chamrajnagar,Gundlupet,11.7796,76.6958,2026-09-13 12:09:09,34.583,0.320917218283105,SAFE,34.61633333333333
010502,Karnataka,Bengaluru Rural,Devanahalli,13.29559,77.79679,2026-09-13 12:09:09,34.428,0.320438807907939,SAFE,34.46233333333333
130823,Karnataka,Kolar,Malur,12.88844,78.021584,2026-09-13 12:09:09,178.706,-0.0018768871060491,WATCH,177.5186666666667
070522-D,Karnataka,Chitradurga,Hiriyur,14.07,76.45,2026-09-13 12:09:10,47.749,0.2865990343986437,SAFE,47.74666666666667
011014,Karnataka,Bengaluru Rural,Nelamangala,13.16,77.419,2026-09-13 12:09:10,130.19,0.0988570861759673,SAFE,129.33
130719,Karnataka,Kolar,Kolar,13.41222,78.373611,2026-09-13 12:09:10,25.1,0.2253383701344375,SAFE,26.27533333333333
130925,Karnataka,Kolar,Mulbagal,13.17105,78.28736,2026-09-13 12:09:10,189.713,0.0249747752875926,SAFE,189.73633333333336
010521,Karnataka,Bengaluru Rural,Devanahalli,13.2687,77.7417,2026-09-13 12:09:10,145.053,0.0645023037466538,SAFE,144.37366666666665
130710,Karnataka,Kolar,Kolar,13.14583,78.258611,2026-09-13 12:09:10,14.314,0.3626168322689858,SAFE,14.195333333333332
050218,Karnataka,Bagalkot,Bagalkot,16.1746,75.611,2026-09-13 12:09:10,5.979,0.3369594492042357,SAFE,6.021
070723,Karnataka,Chitradurga,Hosdurga,13.887,76.387,2026-09-13 12:09:10,14.848,0.3552574754301245,SAFE,14.822333333333331
130239,Karnataka,Kolar,K.G.F,12.9603,78.383044,2026-09-13 12:09:10,8.015,0.3607076243061868,SAFE,8.163
250413,Karnataka,Tumakuru,Kunigal,12.860958,77.092517,2026-09-13 12:09:10,48.848,0.2285764622131409,SAFE,48.72533333333333
130603,Karnataka,Chikkaballapura,Gudibanda,13.737939,77.687186,2026-09-13 12:09:10,20.98,0.3520940494791905,SAFE,20.95833333333333
070737,Karnataka,Chitradurga,Hosdurga,13.7,76.3006,2026-09-13 12:09:10,17.939,0.3579658039342477,SAFE,17.884
130928,Karnataka,Kolar,Mulbagal,13.10254,78.374741,2026-09-13 12:09:10,10.958,0.3672027951879597,SAFE,10.977333333333334
070154,Karnataka,Chitradurga,Challakere,14.2216,76.6038,2026-09-13 12:09:11,11.23,0.365963675845857,SAFE,11.218666666666666
070205,Karnataka,Chitradurga,Chitradurga,14.2258,76.43947,2026-09-13 12:09:12,4.76,0.3572458635534655,SAFE,4.723
170804A,Karnataka,Shivamogga,Soraba,14.5639,75.1522,2026-09-13 12:09:12,1.329,0.3008105176851874,SAFE,1.783
140216,Karnataka,Mandya,Maddur,12.47185,77.09469,2026-09-13 12:09:13,3.485,0.3453249290771426,SAFE,3.516
250536,Karnataka,Tumakuru,Madhugiri,13.706478,77.308355,2026-09-13 12:09:13,4.305,0.2633280236669904,SAFE,3.662
140415,Karnataka,Mandya,Mandya,12.63951,76.74407,2026-09-13 12:09:13,12.584,0.3636713940939673,SAFE,12.546
130721,Karnataka,Kolar,Kolar,13.09048,78.104414,2026-09-13 12:09:13,30.096,0.2904502042603806,SAFE,29.07133333333333
130548,Karnataka,Chikkaballapura,Gauribidanur,13.4745,77.60872,2026-09-13 12:09:14,38.465,0.2344405593634549,SAFE,39.22133333333334
110330,Karnataka,Hassan,Arsikere,13.3578,76.1911,2026-09-13 12:09:14,61.39,0.2582562993541555,SAFE,61.39000000000001
131035,Karnataka,Chikkaballapura,Sidlaghatta,13.53842,77.92033,2026-09-13 12:09:17,113.302,0.1431739837948376,SAFE,113.67233333333331
130930,Karnataka,Kolar,Mulbagal,13.05325,78.431635,2026-09-13 12:09:20,33.786,0.2224186017815143,SAFE,33.472
050104,Karnataka,Bagalkot,Badami,16.0178,75.5494,2026-09-14 06:09:09,42.12,0.3076562082922414,SAFE,42.117
150213,Karnataka,Chamrajnagar,Gundlupet,11.7234,76.6566,2026-09-14 06:09:13,39.647,0.3103702492980931,SAFE,39.63433333333334
070148,Karnataka,Chitradurga,Challakere,14.4677,76.5727,2026-09-14 12:09:09,9.114,0.366805955815602,SAFE,9.074333333333334
250945,Karnataka,Tumakuru,Tumakuru,13.151838,77.100217,2026-09-14 12:09:09,57.754,0.0110401186320596,SAFE,73.17066666666666
170226,Karnataka,Davangere,Channagiri,14.0852,76.022,2026-09-14 12:09:09,8.686,0.1078993807917327,SAFE,0.7256666666666667
070637,Karnataka,Chitradurga,Holalkere,14.1246,76.2971,2026-09-14 12:09:09,34.85,0.3191482567405052,SAFE,34.79833333333333
070143,Karnataka,Chitradurga,Challakere,14.4712,76.7623,2026-09-14 12:09:09,17.514,0.3577568578602892,SAFE,17.453999999999997
040513HP,Karnataka,Bidar,Chitgoppa,17.62759,77.42637,2026-09-14 12:09:09,10.4,0.3668176211914313,SAFE,10.313666666666666
020818,Karnataka,Belagavi,Ramdurg,15.9604,75.2812,2026-09-14 12:09:09,8.462,0.3627201720330465,SAFE,8.288333333333332
070636,Karnataka,Chitradurga,Holalkere,14.0095,76.3661,2026-09-14 12:09:09,63.381,0.1292317073973615,SAFE,59.731
170224,Karnataka,Davangere,Channagiri,13.9818,76.036,2026-09-14 12:09:09,80.793,0.0456343967856223,SAFE,83.26433333333334
070629,Karnataka,Chitradurga,Holalkere,13.9658,76.2015,2026-09-14 12:09:09,24.433,0.3327665841707986,SAFE,24.59133333333333
040503BW,Karnataka,Bidar,Homnabad,17.85626,77.20289,2026-09-14 12:09:09,5.197,0.3579718515171811,SAFE,5.179666666666667
060306,Karnataka,Chikkamagaluru,Koppa,13.402763,75.373393,2026-09-14 12:09:09,12.095,0.3659426250064306,SAFE,12.094333333333331
020805,Karnataka,Belagavi,Ramdurg,15.9841,75.1359,2026-09-14 12:09:09,0.69,0.30244588316166,SAFE,0.9156666666666666
130717,Karnataka,Kolar,Kolar,13.2,78.146667,2026-09-14 12:09:09,19.034,0.3581793263632888,SAFE,19.04833333333333
060221,Karnataka,Chikkamagaluru,Kadur,13.609687,76.145586,2026-09-14 12:09:09,26.481,0.3385003954274593,SAFE,26.427333333333337
130716,Karnataka,Kolar,Kolar,13.18639,78.199722,2026-09-14 12:09:09,17.063,0.3552118107254632,SAFE,17.200666666666667
050805,Karnataka,Bagalkot,Jamkhandi,16.433939,75.354524,2026-09-14 12:09:09,34.953,0.3167284198413548,SAFE,34.72566666666666
170108HP,Karnataka,Shivamogga,Bhadravati,13.7787,75.6236,2026-09-14 12:09:09,24.911,0.3318625472772359,SAFE,25.094000000000005
130706,Karnataka,Kolar,Kolar,13.22861,78.166111,2026-09-14 12:09:09,22.508,0.2755841221449645,SAFE,20.242
070622,Karnataka,Chitradurga,Holalkere,14.025,76.2688,2026-09-14 12:09:09,8.65,0.3316170652960068,SAFE,7.857333333333334
150231,Karnataka,Chamrajnagar,Gundlupet,11.7747,76.6058,2026-09-14 12:09:09,5.41,0.334433686826194,SAFE,4.999666666666667
130720,Karnataka,Kolar,Kolar,13.46917,78.015556,2026-09-14 12:09:09,25.495,0.3406644416023031,SAFE,25.415000000000003
070626,Karnataka,Chitradurga,Holalkere,13.9907,76.1762,2026-09-14 12:09:09,0.556,0.3122366037021702,SAFE,0.5783333333333333
070627,Karnataka,Chitradurga,Holalkere,13.9192,76.1497,2026-09-14 12:09:09,29.229,0.316081373251306,SAFE,28.403666666666663
070156,Karnataka,Chitradurga,Challakere,14.4736,76.6008,2026-09-14 12:09:09,2.802,0.3419119065253621,SAFE,2.838
130711,Karnataka,Kolar,Kolar,13.17917,78.020833,2026-09-14 12:09:09,34.704,0.288826100555867,SAFE,34.77
250941,Karnataka,Tumakuru,Tumakuru,13.429565,77.084314,2026-09-14 12:09:09,44.488,0.1363261316670622,SAFE,38.15800000000001
060403HP,Karnataka,Chikkamagaluru,Mudigere,13.086388,75.70197,2026-09-14 12:09:09,7.142,0.3485604351221747,SAFE,7.260666666666666
070639,Karnataka,Chitradurga,Holalkere,13.8961,76.0744,2026-09-14 12:09:09,14.283,0.3501192558226853,SAFE,13.786
010108,Karnataka,Bengaluru Urban,Anekal,12.80139,77.70833,2026-09-14 12:09:09,27.413,0.3396690875717107,SAFE,27.404
070732,Karnataka,Chitradurga,Hosdurga,13.8664,76.2958,2026-09-14 12:09:09,44.222,0.2845096103667345,SAFE,43.761
070733,Karnataka,Chitradurga,Hosdurga,13.8316,76.382,2026-09-14 12:09:09,4.768,0.3532232898861222,SAFE,4.795
050616,Karnataka,Bagalkot,Ilkal,16.0197,76.215,2026-09-14 12:09:09,3.441,0.3495853960662061,SAFE,3.45
050107,Karnataka,Bagalkot,Badami,15.949,75.8075,2026-09-14 12:09:09,5.705,0.3610855491720999,SAFE,5.691333333333333
250707,Karnataka,Tumakuru,Sira,13.562914,76.975114,2026-09-14 12:09:09,17.559,0.358022977428213,SAFE,17.463333333333335
060718,Karnataka,Chikkamagaluru,Ajjampur,13.714047,75.928647,2026-09-14 12:09:09,22.34,0.3204131229370828,SAFE,21.35766666666667
170318,Karnataka,Davangere,Nyamati,14.2125,75.537,2026-09-14 12:09:09,14.631,0.3425291572196863,SAFE,14.228666666666667
070740,Karnataka,Chitradurga,Hosdurga,13.8219,76.3188,2026-09-14 12:09:09,67.008,0.2304235170750582,SAFE,66.45333333333333
010107,Karnataka,Bengaluru Urban,Anekal,12.85833,77.78944,2026-09-14 12:09:09,67.43,0.0353340131926862,SAFE,31.083
250612,Karnataka,Tumakuru,Pavagada,14.138197,77.206919,2026-09-14 12:09:09,18.734,0.3580048743259826,SAFE,18.758
050609,Karnataka,Bagalkot,Hungund,16.0196,76.0714,2026-09-14 12:09:09,5.544,0.3601674633826574,SAFE,5.546333333333333
130437,Karnataka,Chikkaballapura,Chintamani,13.42956,78.15922,2026-09-14 12:09:09,80.8,0.2101481145904069,SAFE,81.05466666666666
170404HP,Karnataka,Shivamogga,Hosanagara,13.9925,75.25778,2026-09-14 12:09:09,9.296,0.3659353437786891,SAFE,9.218333333333334
250613,Karnataka,Tumakuru,Pavagada,14.180589,77.046739,2026-09-14 12:09:09,19.618,0.3562147501365263,SAFE,19.59633333333333
010713,Karnataka,Bengaluru Rural,Hoskote,13.22083,77.91639,2026-09-14 12:09:09,26.541,0.33709259683452,SAFE,26.608
010616,Karnataka,Bengaluru Rural,Dod Ballapur,13.27611,77.55417,2026-09-14 12:09:09,36.954,0.3155841024087561,SAFE,36.85466666666667
060608,Karnataka,Chikkamagaluru,Sringeri,13.392703,75.288507,2026-09-14 12:09:09,7.897,0.3653376801451274,SAFE,7.88
040521HP,Karnataka,Bidar,Homnabad,17.85277,77.26985,2026-09-14 12:09:09,17.946,0.3583319779349972,SAFE,17.867333333333335
170227,Karnataka,Davangere,Channagiri,14.0274,75.916,2026-09-14 12:09:09,3.494,0.2995407879470903,SAFE,3.273333333333333
020405a,Karnataka,Belagavi,Nipani,16.4482,74.3586,2026-09-14 12:09:09,81.201,0.1867695026051197,SAFE,81.67666666666668
070720,Karnataka,Chitradurga,Hosdurga,13.6296,76.2891,2026-09-14 12:09:09,3.617,0.3524234579696313,SAFE,3.6216666666666666
010201,Karnataka,Bengaluru Urban,Bengaluru North,12.97639,77.53611,2026-09-14 12:09:09,23.138,0.3493440875840238,SAFE,23.09133333333333
070721,Karnataka,Chitradurga,Hosdurga,13.76148,76.38714,2026-09-14 12:09:09,21.558,0.2650963481349384,SAFE,20.392333333333337
050706HP,Karnataka,Vijayapura,Indi,17.2504,75.8013,2026-09-14 12:09:09,5.273,0.3577036663152201,SAFE,5.262333333333333
040527HP,Karnataka,Bidar,Bhalki,17.9309,77.18982,2026-09-14 12:09:09,22.205,0.0973425214645513,SAFE,15.200666666666669
150221,Karnataka,Chamrajnagar,Gundlupet,11.7386,76.7611,2026-09-14 12:09:09,58.069,0.2650101363455877,SAFE,58.071333333333335
060602HP,Karnataka,Chikkamagaluru,Sringeri,13.503913,75.193489,2026-09-14 12:09:09,3.942,0.3538003014276669,SAFE,3.913
070731,Karnataka,Chitradurga,Hosdurga,13.949,76.3708,2026-09-14 12:09:09,10.572,0.3673003900195384,SAFE,10.543333333333331
070131,Karnataka,Chitradurga,Challakere,14.4733,76.54217,2026-09-14 12:09:09,15.26,0.3659591531934851,SAFE,15.230666666666666
050103,Karnataka,Bagalkot,Badami,15.9091,75.5049,2026-09-14 12:09:09,43.845,0.2985306236886598,SAFE,43.67
251003,Karnataka,Tumakuru,Turuvekere,13.042731,76.635075,2026-09-14 12:09:09,7.967,0.3659860854586115,SAFE,7.956
170238,Karnataka,Davangere,Channagiri,13.981,76.949,2026-09-14 12:09:09,4.572,0.3562157688261261,SAFE,4.4943333333333335
070134,Karnataka,Chitradurga,Challakere,14.2584,76.8824,2026-09-14 12:09:09,8.548,0.3191026315685261,SAFE,7.900000000000001
150220,Karnataka,Chamrajnagar,Gundlupet,11.7915,76.6365,2026-09-14 12:09:09,19.656,0.3468673553124018,SAFE,19.82466666666667
050812,Karnataka,Bagalkot,Rabkavi Banhatti,16.4912,75.0428,2026-09-14 12:09:09,4.923,0.3548691042515359,SAFE,4.866333333333333
070545,Karnataka,Chitradurga,Hiriyur,14.1039,76.9056,2026-09-14 12:09:09,13.311,0.3681597270251103,SAFE,13.304
070611,Karnataka,Chitradurga,Holalkere,14.2103,76.1076,2026-09-14 12:09:09,11.938,0.3654222944145875,SAFE,11.998333333333337
250818,Karnataka,Tumakuru,Tiptur,13.152877,76.523177,2026-09-14 12:09:09,12.013,0.3093668297231655,SAFE,11.072333333333331
070230,Karnataka,Chitradurga,Chitradurga,14.2422,76.3404,2026-09-14 12:09:09,15.994,0.3607789283191463,SAFE,15.835333333333333
070318,Karnataka,Davangere,Davangere,14.3306,75.886,2026-09-14 12:09:09,3.89,0.349180051755729,SAFE,3.956333333333333
130912,Karnataka,Kolar,Mulbagal,13.1998,78.51494,2026-09-14 12:09:09,33.647,0.2423944595714268,SAFE,31.571
070252,Karnataka,Chitradurga,Chitradurga,14.1307,76.36,2026-09-14 12:09:09,64.843,0.2355196290278935,SAFE,64.67399999999999
250916,Karnataka,Tumakuru,Tumakuru,13.219325,76.997636,2026-09-14 12:09:09,9.865,0.3617828282485066,SAFE,9.989333333333333
130902,Karnataka,Kolar,Mulbagal,13.27639,78.461111,2026-09-14 12:09:09,4.688,0.3569163972199189,SAFE,4.633
250808,Karnataka,Tumakuru,Tiptur,13.361167,76.414997,2026-09-14 12:09:09,14.224,0.3586303040046223,SAFE,13.985
131036,Karnataka,Chikkaballapura,Sidlaghatta,13.6218,77.9507,2026-09-14 12:09:09,4.904,0.3557501959937931,SAFE,4.852666666666667
021005,Karnataka,Belagavi,Saundatti,15.8447,74.8818,2026-09-14 12:09:09,9.394,0.3632538744552153,SAFE,9.278666666666666
020214,Karnataka,Belagavi,Bailhongal,15.7724,74.6835,2026-09-14 12:09:09,7.643,0.3618797583442324,SAFE,7.521333333333334
250813,Karnataka,Tumakuru,Tiptur,13.371167,76.478931,2026-09-14 12:09:09,34.141,0.3154165175001396,SAFE,33.73833333333334
130901,Karnataka,Kolar,Mulbagal,13.36667,78.4,2026-09-14 12:09:09,9.004,0.3671917187488629,SAFE,8.994
021004,Karnataka,Belagavi,Saundatti,15.8653,75.2593,2026-09-14 12:09:09,4.921,0.1454094227598171,SAFE,6.647000000000001
070325,Karnataka,Davangere,Davangere,14.3917,76.046,2026-09-14 12:09:09,71.672,0.1395844584741266,SAFE,68.25966666666666
150322,Karnataka,Mysuru,Sargur,11.9788,76.4771,2026-09-14 12:09:09,12.907,0.3653765016360248,SAFE,12.954999999999998
250919,Karnataka,Tumakuru,Tumakuru,13.450644,77.11725,2026-09-14 12:09:09,5.056,0.3374310119731508,SAFE,5.2316666666666665
020829,Karnataka,Belagavi,Ramdurg,15.9715,75.3834,2026-09-14 12:09:09,33.117,0.3080320569098468,SAFE,32.42766666666666
020834,Karnataka,Belagavi,Ramdurg,15.9391,75.4151,2026-09-14 12:09:09,10.546,0.3671456879068459,SAFE,10.608333333333333
060115,Karnataka,Chikkamagaluru,Chikkamagaluru,13.243148,75.652172,2026-09-14 12:09:09,6.771,0.3638321935649484,SAFE,6.727
131004,Karnataka,Chikkaballapura,Sidlaghatta,13.489972,77.982703,2026-09-14 12:09:09,15.338,0.3664427132602987,SAFE,15.333333333333334
020827,Karnataka,Belagavi,Ramdurg,16.0141,75.3102,2026-09-14 12:09:09,71.885,0.24077103803921,SAFE,71.88333333333334
070233,Karnataka,Chitradurga,Chitradurga,14.354,76.3196,2026-09-14 12:09:09,25.886,0.2908584334960364,SAFE,26.403666666666663
130924,Karnataka,Kolar,Mulbagal,13.10727,78.32985,2026-09-14 12:09:09,16.578,0.3647819986044266,SAFE,16.578333333333333
020837,Karnataka,Belagavi,Ramdurg,16.0514,75.2991,2026-09-14 12:09:09,23.409,0.3488209235759281,SAFE,23.388666666666666
250908,Karnataka,Tumakuru,Tumakuru,13.216558,77.056525,2026-09-14 12:09:09,6.686,0.3625371483567702,SAFE,6.725999999999999
130922,Karnataka,Kolar,Mulbagal,13.21111,78.287222,2026-09-14 12:09:09,36.874,0.2193647688170401,SAFE,37.639
070247,Karnataka,Chitradurga,Chitradurga,14.3618,76.4358,2026-09-14 12:09:09,107.022,0.1764748053072375,SAFE,107.02066666666668
130923,Karnataka,Kolar,Mulbagal,13.2395,78.49126,2026-09-14 12:09:09,42.482,0.2853834641543031,SAFE,41.772666666666666
060117,Karnataka,Chikkamagaluru,Chikkamagaluru,13.360684,75.5283,2026-09-14 12:09:09,21.923,0.2898126177260366,SAFE,22.676
130825,Karnataka,Kolar,Malur,12.9324,78.019037,2026-09-14 12:09:09,186.045,0.034301036135294,SAFE,186.04533333333333
070536,Karnataka,Chitradurga,Hiriyur,13.9456,76.7082,2026-09-14 12:09:09,2.787,0.3405864868159252,SAFE,2.8463333333333334
131121,Karnataka,Kolar,Srinivaspur,13.39389,78.248056,2026-09-14 12:09:09,141.701,0.1013723874930118,SAFE,141.71033333333332
050914,Karnataka,Vijayapura,Talikota,16.4647,76.3379,2026-09-14 12:09:09,3.781,0.3534948754908095,SAFE,3.7936666666666654
020117,Karnataka,Belagavi,Kagwad,16.6955,74.7185,2026-09-14 12:09:09,5.656,0.3604124648097985,SAFE,5.654333333333333
150302,Karnataka,Mysuru,H D Kote,12.81574,76.27857,2026-09-14 12:09:09,24.365,0.3481401981767118,SAFE,24.354333333333333
060213HP,Karnataka,Chikkamagaluru,Ajjampur,13.735389,76.119519,2026-09-14 12:09:09,18.896,0.3575536236538335,SAFE,18.863666666666663
050915BW,Karnataka,Vijayapura,Muddebihal,16.3891,76.2281,2026-09-14 12:09:09,5.421,0.3329557437681527,SAFE,5.1273333333333335
250750,Karnataka,Tumakuru,Sira,13.72977,76.737562,2026-09-14 12:09:09,7.23,0.3639178077012397,SAFE,7.236666666666667
070531,Karnataka,Chitradurga,Hiriyur,14.0111,76.545,2026-09-14 12:09:09,45.877,0.2394990634543326,SAFE,47.76466666666666
160507,Karnataka,Raichur,Lingsugur,15.9339,76.4367,2026-09-14 12:09:09,14.853,0.3519195278396778,SAFE,15.263666666666666
160701HP,Karnataka,Raichur,Raichur,16.37122,77.35412,2026-09-14 12:09:09,2.277,0.3385781700586054,SAFE,2.273
250744,Karnataka,Tumakuru,Sira,13.871862,76.760932,2026-09-14 12:09:09,57.756,0.2643699358599992,SAFE,57.79633333333334
050911BW,Karnataka,Vijayapura,Nidgundi,16.334,75.9273,2026-09-14 12:09:09,1.093,0.3194640589439592,SAFE,1.0636666666666663
131124,Karnataka,Kolar,Srinivaspur,13.55056,78.226389,2026-09-14 12:09:09,5.044,0.3567420562093861,SAFE,5.018999999999999
130802,Karnataka,Kolar,Malur,12.94306,77.875,2026-09-14 12:09:09,20.606,0.3348637586994254,SAFE,20.941333333333336
250920,Karnataka,Tumakuru,Tumakuru,13.378414,77.113086,2026-09-14 12:09:09,23.142,0.0515815496734646,SAFE,27.915333333333336
150912,Karnataka,Mysuru,Piriyapatna,12.5605,76.027,2026-09-14 12:09:09,2.152,0.3333074678312021,SAFE,2.1706666666666665
070212,Karnataka,Chitradurga,Chitradurga,14.2929,76.28105,2026-09-14 12:09:09,12.078,0.3657291357269689,SAFE,12.115
131110,Karnataka,Kolar,Srinivaspur,13.43194,78.3625,2026-09-14 12:09:09,104.668,0.1120902558457814,SAFE,102.764
020824,Karnataka,Belagavi,Ramdurg,15.8469,75.3532,2026-09-14 12:09:09,4.712,0.3575979770757324,SAFE,4.725666666666666
130822,Karnataka,Kolar,Malur,12.84593,78.0175,2026-09-14 12:09:09,88.152,0.1285638751282055,SAFE,85.95933333333335
250803,Karnataka,Tumakuru,Tiptur,13.30864,76.645299,2026-09-14 12:09:09,14.12,0.36676423185044,SAFE,14.136666666666663
051119BW,Karnataka,Vijayapura,Devar Hippargi,16.6209,76.259,2026-09-14 12:09:09,14.742,0.3543185113508793,SAFE,14.595666666666666
070408,Karnataka,Davangere,Harihar,14.5415,75.809,2026-09-14 12:09:09,2.681,0.3409609297342283,SAFE,2.677666666666666
020212,Karnataka,Belagavi,Kittur,15.5649,74.7201,2026-09-14 12:09:09,2.825,0.3414832790910873,SAFE,2.8240000000000003
070518,Karnataka,Chitradurga,Hiriyur,14.134,76.52648,2026-09-14 12:09:09,0.23,0.2563898762537702,SAFE,1.204
130814,Karnataka,Kolar,Malur,12.98778,77.913056,2026-09-14 12:09:09,28.695,0.3414746353041484,SAFE,28.634
130803,Karnataka,Kolar,Malur,12.92917,77.8875,2026-09-14 12:09:09,13.062,0.3642216432554832,SAFE,13.014333333333331
131117,Karnataka,Kolar,Srinivaspur,13.28056,78.291667,2026-09-14 12:09:09,8.327,0.3667121179348845,SAFE,8.327333333333334
060212,Karnataka,Chikkamagaluru,Kadur,13.57171,76.10902,2026-09-14 12:09:09,6.395,0.3652392181740844,SAFE,6.407333333333334
250756,Karnataka,Tumakuru,Sira,13.6131,76.983424,2026-09-14 12:09:09,3.48,0.3490284021984564,SAFE,3.5096666666666665
020206A,Karnataka,Belagavi,Kittur,15.6384,74.7361,2026-09-14 12:09:09,22.731,0.3512326743352207,SAFE,22.763666666666666
130807,Karnataka,Kolar,Malur,13.06111,77.994167,2026-09-14 12:09:09,11.543,0.3477241270094612,SAFE,11.209333333333332
030111,Karnataka,Ballari,Ballari,15.270874,76.970093,2026-09-14 12:09:09,4.388,0.3570836537785132,SAFE,4.391333333333333
130213,Karnataka,Kolar,K.G.F,12.97972,78.392778,2026-09-14 12:09:09,3.821,0.3540877065606104,SAFE,3.828
130206,Karnataka,Kolar,K.G.F,12.99278,78.2775,2026-09-14 12:09:09,9.729,0.3594957994028514,SAFE,9.750666666666666
090207,Karnataka,Dharwad,Dharwad,15.61096,74.95217,2026-09-14 12:09:09,17.953,0.3573606702709707,SAFE,17.943
091203HP,Karnataka,Dharwad,Annigeri,15.58729,75.47483,2026-09-14 12:09:09,7.475,0.3655139474678373,SAFE,7.504
250307,Karnataka,Tumakuru,Koratagere,13.393725,77.304061,2026-09-14 12:09:09,21.936,0.3526814511668354,SAFE,21.868333333333336
011026,Karnataka,Bengaluru Rural,Nelamangala,13.246,77.317,2026-09-14 12:09:09,36.713,0.1820478509037991,SAFE,38.821666666666665
050306HP,Karnataka,Vijayapura,Basavana Bagevadi,16.6141,75.861,2026-09-14 12:09:09,14.315,0.3649000087618735,SAFE,14.398333333333332
130241,Karnataka,Kolar,K.G.F,12.96119,78.288763,2026-09-14 12:09:09,12.964,0.362708158640207,SAFE,13.075333333333331
100107,Karnataka,Kalaburagi,Afzalpur,17.342107,76.593698,2026-09-14 12:09:09,26.931,0.3069615798154288,SAFE,26.355666666666664
130222,Karnataka,Kolar,Bangarapet,12.94722,78.225556,2026-09-14 12:09:09,20.823,0.3538578999685125,SAFE,20.834666666666667
050119,Karnataka,Bagalkot,Badami,16.1002,75.4686,2026-09-14 12:09:09,31.886,0.3295172928449729,SAFE,31.94066666666667
170806A,Karnataka,Shivamogga,Soraba,14.0672,75.1522,2026-09-14 12:09:09,7.1,0.341472768859533,SAFE,6.498333333333334
130308,Karnataka,Chikkaballapura,Chik Ballapur,13.361289,77.693053,2026-09-14 12:09:09,61.379,0.2595582373422152,SAFE,61.383
110213HP,Karnataka,Hassan,Arkalgud,12.628889,76.051667,2026-09-14 12:09:09,2.324,0.3401596343700196,SAFE,2.354
110347,Karnataka,Hassan,Arsikere,13.278,76.124,2026-09-14 12:09:09,24.899,0.3463250906720031,SAFE,24.887666666666664
110209,Karnataka,Hassan,Arkalgud,12.725278,76.081111,2026-09-14 12:09:09,30.104,0.3359390943307481,SAFE,30.116333333333333
190915,Karnataka,Uttara Kannada,Sirsi,14.68114,74.88714444,2026-09-14 12:09:09,13.457,0.2189727649219312,SAFE,9.441
250334,Karnataka,Tumakuru,Koratagere,13.419042,77.257547,2026-09-14 12:09:09,66.119,0.2318159478130381,SAFE,65.43133333333333
250301,Karnataka,Tumakuru,Koratagere,13.533714,77.349703,2026-09-14 12:09:09,10.233,0.3322813132813926,SAFE,9.550333333333333
110307,Karnataka,Hassan,Arsikere,13.297472,76.053056,2026-09-14 12:09:09,26.968,0.2231832934963701,SAFE,25.168333333333333
50406HP,Karnataka,Vijayapura,Bobleshwar,16.5855,75.5805,2026-09-14 12:09:09,7.338,0.3559634826624245,SAFE,6.968333333333334
110716,Karnataka,Hassan,Hole Narsipur,12.847,76.179,2026-09-14 12:09:09,16.837,0.287648490323163,SAFE,17.51
050145,Karnataka,Bagalkot,Badami,15.9712,75.7078,2026-09-14 12:09:09,46.049,0.2912738846272578,SAFE,45.947
130204,Karnataka,Kolar,Bangarapet,12.90528,78.133611,2026-09-14 12:09:09,20.78,0.3521881221188719,SAFE,20.778
011020,Karnataka,Bengaluru Rural,Nelamangala,13.192,77.366,2026-09-14 12:09:09,33.025,0.3193153384581222,SAFE,32.767999999999994
100504,Karnataka,Kalaburagi,Kamalapur,17.519185,76.915203,2026-09-14 12:09:09,11.421,0.3670071869292952,SAFE,11.45
060703HP,Karnataka,Chikkamagaluru,Ajjampur,13.815832,76.029525,2026-09-14 12:09:09,18.988,0.3554414172326985,SAFE,18.954666666666665
050126,Karnataka,Bagalkot,Badami,16.0599,75.6052,2026-09-14 12:09:09,50.132,0.2720146492307685,SAFE,50.67166666666666
010831,Karnataka,Ramanagara,Kanakapura,12.615608,77.493835,2026-09-14 12:09:09,95.183,0.1990853097671859,SAFE,95.17366666666668
090218HP,Karnataka,Dharwad,Dharwad,15.53881,75.05761,2026-09-14 12:09:09,5.693,0.360295613691417,SAFE,5.665
110813HP,Karnataka,Hassan,Sakleshpur,12.860556,75.812222,2026-09-14 12:09:09,7.087,0.364918700633572,SAFE,7.089333333333333
190810,Karnataka,Uttara Kannada,Siddapur,14.36049,74.79539,2026-09-14 12:09:09,10.418,0.3671458640989258,SAFE,10.383
170802HP,Karnataka,Shivamogga,Soraba,14.2722,75.1092,2026-09-14 12:09:09,10.483,0.3579093587706902,SAFE,10.425333333333333
070911,Karnataka,Chitradurga,Molakalmuru,14.736,76.70046,2026-09-14 12:09:09,7.228,0.2868035280882144,SAFE,8.184333333333333
110809,Karnataka,Hassan,Sakleshpur,12.942778,75.879444,2026-09-14 12:09:09,10.802,0.3679235780720642,SAFE,10.819666666666668
250215,Karnataka,Tumakuru,Gubbi,13.530899,76.8918,2026-09-14 12:09:09,57.772,0.2658767459162751,SAFE,57.77133333333334
050129,Karnataka,Bagalkot,Badami,15.8495,75.5432,2026-09-14 12:09:09,4.405,0.3568161909449598,SAFE,4.422666666666666
250412,Karnataka,Tumakuru,Kunigal,13.004258,76.957397,2026-09-14 12:09:09,14.593,0.3665052869535936,SAFE,14.598666666666668
110323HP,Karnataka,Hassan,Arsikere,13.247222,76.226389,2026-09-14 12:09:09,17.327,0.3625233489719286,SAFE,17.355
130131,Karnataka,Chikkaballapura,Bagepalli,13.78518,77.95001,2026-09-14 12:09:09,28.881,0.1861940681930532,SAFE,27.461666666666662
050204,Karnataka,Bagalkot,Bagalkot,16.1773,75.4496,2026-09-14 12:09:09,42.365,0.2516756433249776,SAFE,43.13433333333334
110340,Karnataka,Hassan,Arsikere,13.218,76.358,2026-09-14 12:09:09,23.473,0.3489586365834513,SAFE,23.445
170807HP,Karnataka,Shivamogga,Soraba,14.4764,75.1139,2026-09-14 12:09:09,9.508,0.3513337189438715,SAFE,9.886
130212,Karnataka,Kolar,K.G.F,12.93833,78.391667,2026-09-14 12:09:09,92.607,0.1949192863383013,SAFE,92.531
191100,Karnataka,Uttara Kannada,Yellapur,14.8441,74.64449,2026-09-14 12:09:09,12.291,0.366198924740831,SAFE,12.290666666666668
130214,Karnataka,Kolar,Bangarapet,12.82361,78.205,2026-09-14 12:09:09,26.172,0.3349177265631998,SAFE,25.941
110324HP,Karnataka,Hassan,Arsikere,13.481111,76.262778,2026-09-14 12:09:09,8.715,0.364099881671961,SAFE,8.737666666666668
191009,Karnataka,Uttara Kannada,Joida,15.44662,74.40338,2026-09-14 12:09:09,3.279,0.3468842573784864,SAFE,3.2373333333333334
190207,Karnataka,Uttara Kannada,Bhatkal,13.9442,74.5925,2026-09-14 12:09:09,9.034,0.3667221785529905,SAFE,9.013666666666667
110511,Karnataka,Hassan,Channarayapatna,13.011389,76.508333,2026-09-14 12:09:09,29.557,0.3387830573643279,SAFE,29.58533333333333
010827,Karnataka,Ramanagara,Kanakapura,12.454301,77.594165,2026-09-14 12:09:09,48.808,0.285360242803675,SAFE,48.79166666666666
080802H,Karnataka,Udupi,Hebri,13.51858,74.93375,2026-09-14 12:09:09,4.884,0.2448137534743284,SAFE,6.023666666666666
050209,Karnataka,Bagalkot,Bagalkot,16.2077,75.4987,2026-09-14 12:09:09,10.186,0.358234412329537,SAFE,9.96
050120,Karnataka,Bagalkot,Badami,16.0491,75.4746,2026-09-14 12:09:09,9.735,0.3655875372219662,SAFE,9.746
250525,Karnataka,Tumakuru,Madhugiri,13.703037,77.372605,2026-09-14 12:09:09,25.409,0.31665308311308,SAFE,25.908666666666665
011007,Karnataka,Bengaluru Rural,Nelamangala,13.2725,77.245,2026-09-14 12:09:09,22.634,0.3519465285427012,SAFE,22.66133333333333
050227,Karnataka,Bagalkot,Bagalkot,16.2621,75.8636,2026-09-14 12:09:09,6.512,0.3634616649076105,SAFE,6.514333333333333
070809,Karnataka,Davangere,Jagalur,14.6041,76.159,2026-09-14 12:09:09,23.861,0.3292385380817833,SAFE,23.566333333333336
130208,Karnataka,Kolar,K.G.F,13.03556,78.294167,2026-09-14 12:09:09,10.995,0.3659199473583683,SAFE,11.014333333333331
050211,Karnataka,Bagalkot,Bagalkot,16.1923,75.8105,2026-09-14 12:09:09,14.449,0.3651469920233224,SAFE,14.446666666666667
070821,Karnataka,Davangere,Jagalur,14.563,76.199,2026-09-14 12:09:09,82.526,0.1845655110400105,SAFE,81.631
191105,Karnataka,Uttara Kannada,Yellapur,14.9108,74.70835,2026-09-14 12:09:09,12.424,0.3570907937375002,SAFE,12.086666666666666
120211HP,Karnataka,Kodagu,Somvarpet,12.7232,75.8959,2026-09-14 12:09:09,2.424,0.3206841656198414,SAFE,2.8190000000000004
110321HP,Karnataka,Hassan,Arsikere,13.46,76.352778,2026-09-14 12:09:09,15.235,0.3578536567633678,SAFE,15.121
090212HP,Karnataka,Dharwad,Alnavar,15.4494,74.81662,2026-09-14 12:09:09,1.54,0.3299061123898079,SAFE,1.5396666666666663
170605A,Karnataka,Shivamogga,Shikarpur,14.2197,75.3944,2026-09-14 12:09:09,12.323,0.3230701890834288,SAFE,13.339999999999998
060116,Karnataka,Chikkamagaluru,Chikkamagaluru,13.404231,75.881946,2026-09-14 12:09:10,18.505,0.3577274495167704,SAFE,18.462333333333333
250833,Karnataka,Tumakuru,Tiptur,13.230083,76.456907,2026-09-14 12:09:10,26.708,0.2360206452317841,SAFE,27.412666666666667
020224,Karnataka,Belagavi,Athni,16.6611,74.9969,2026-09-14 12:09:10,4.781,0.3571952073249861,SAFE,4.804
090901HP,Karnataka,Dharwad,Kundgol,15.12217,75.36202,2026-09-14 12:09:10,8.043,0.364146042670148,SAFE,8.101333333333335
110610A,Karnataka,Hassan,Hassan,13.081389,76.089167,2026-09-14 12:09:10,7.034,0.3649318460734476,SAFE,7.019000000000001
130929,Karnataka,Kolar,Mulbagal,13.07199,78.33777,2026-09-14 12:09:10,6.677,0.3631747967418792,SAFE,6.669999999999999
050302HP,Karnataka,Vijayapura,Basavana Bagevadi,16.726,75.8791,2026-09-14 12:09:10,47.601,0.2857624747320651,SAFE,47.66066666666666
130933,Karnataka,Kolar,Mulbagal,13.15,78.41,2026-09-14 12:09:10,30.86,0.3324305127881335,SAFE,30.860333333333333
020833,Karnataka,Belagavi,Ramdurg,15.9333345,75.3253642,2026-09-14 12:09:10,12.6,0.3569495738553785,SAFE,12.495
110515HP,Karnataka,Hassan,Channarayapatna,12.868333,76.458611,2026-09-14 12:09:10,7.126,0.2971680658077247,SAFE,7.773333333333333
020226,Karnataka,Belagavi,Athni,16.8847,75.1185,2026-09-14 12:09:10,52.982,0.2595989311238523,SAFE,52.617333333333335
070243,Karnataka,Chitradurga,Chitradurga,14.2766,76.3076,2026-09-14 12:09:10,12.25,0.3619824075621944,SAFE,12.169666666666666
130932,Karnataka,Kolar,Mulbagal,13.093,78.307,2026-09-14 12:09:10,42.577,0.2066437251450246,SAFE,40.19433333333333
130427,Karnataka,Chikkaballapura,Chintamani,13.635658,78.122825,2026-09-14 12:09:10,11.821,0.3637184941069223,SAFE,11.904000000000002
010848,Karnataka,Ramanagara,Kanakapura,12.601558,77.553648,2026-09-14 12:09:10,14.515,0.2874239198750079,SAFE,14.284
190403,Karnataka,Uttara Kannada,Honavar,14.28146,74.45126,2026-09-14 12:09:10,13.427,0.3637271571455187,SAFE,13.47
150815,Karnataka,Mysuru,Nanjangud,12.0038,76.544,2026-09-14 12:09:10,14.56,0.3658514410608398,SAFE,14.515333333333333
010805,Karnataka,Ramanagara,Kanakapura,12.4159793,77.552558,2026-09-14 12:09:10,16.852,0.3614278959662263,SAFE,16.911
021002,Karnataka,Belagavi,Saundatti,15.8869,74.9279,2026-09-14 12:09:10,8.447,0.3662242527110735,SAFE,8.402333333333333
050308HP,Karnataka,Vijayapura,Kolhar,16.485,75.8299,2026-09-14 12:09:10,6.299,0.3653316126175068,SAFE,6.260333333333333
120214,Karnataka,Kodagu,Somvarpet,12.513,75.80858,2026-09-14 12:09:10,22.926,0.3361533785266955,SAFE,23.290666666666667
190312,Karnataka,Uttara Kannada,Haliyal,15.39538,74.74723,2026-09-14 12:09:10,13.798,0.3423413888662908,SAFE,13.633333333333333
010507,Karnataka,Bengaluru Rural,Devanahalli,13.25,77.8,2026-09-14 12:09:10,24.702,0.3474927906877587,SAFE,24.657
120325,Karnataka,Kodagu,Ponnampete,11.9712,76.0401,2026-09-14 12:09:10,20.15,0.3532616863936078,SAFE,20.150666666666663
021008,Karnataka,Belagavi,Yaragatti,16.0179,74.9977,2026-09-14 12:09:10,5.79,0.3618336416965753,SAFE,5.7860000000000005
070102,Karnataka,Chitradurga,Challakere,14.2547,76.88336,2026-09-14 12:09:10,8.562,0.366503738668775,SAFE,8.597
130817,Karnataka,Kolar,Malur,13.01693,77.898735,2026-09-14 12:09:10,1.832,0.331812147471444,SAFE,1.817
060708HP,Karnataka,Chikkamagaluru,Tarikere,13.693645,75.881464,2026-09-14 12:09:10,11.518,0.3592945209463819,SAFE,11.274
120115Hp,Karnataka,Kodagu,Madikeri,12.4181,75.7411,2026-09-14 12:09:10,20.047,0.1979863756349905,SAFE,23.46633333333333
070244,Karnataka,Chitradurga,Chitradurga,14.1652,76.3308,2026-09-14 12:09:10,53.116,0.1268640679320398,SAFE,49.45133333333334
020218,Karnataka,Belagavi,Kittur,15.6008,74.7877,2026-09-14 12:09:10,29.137,0.3199608155093007,SAFE,28.601333333333333
060102HP,Karnataka,Chikkamagaluru,Chikkamagaluru,13.27789,75.936497,2026-09-14 12:09:10,17.773,0.3516192403761338,SAFE,17.925666666666665
020835,Karnataka,Belagavi,Ramdurg,15.9126,75.4065,2026-09-14 12:09:10,7.509,0.3397299966977611,SAFE,7.256333333333333
190811,Karnataka,Uttara Kannada,Siddapur,14.26779,74.81179,2026-09-14 12:09:10,8.149,0.3660998671174679,SAFE,8.136666666666665
060111HP,Karnataka,Chikkamagaluru,Chikkamagaluru,13.477911,75.804455,2026-09-14 12:09:10,8.608,0.3664181855648066,SAFE,8.588
130918,Karnataka,Kolar,Mulbagal,13.14153,78.30478,2026-09-14 12:09:10,5.052,0.3569625538244809,SAFE,5.0536666666666665
130915,Karnataka,Kolar,Mulbagal,13.19167,78.441667,2026-09-14 12:09:10,22.976,0.1121946235491346,SAFE,27.668666666666667
190611,Karnataka,Uttara Kannada,Kumta,14.40055,74.4778,2026-09-14 12:09:10,6.702,0.3622496631994503,SAFE,6.701333333333333
070253,Karnataka,Chitradurga,Chitradurga,14.4005,76.4359,2026-09-14 12:09:10,21.575,0.3501898671601561,SAFE,21.53233333333333
020906A,Karnataka,Belagavi,Raybag,16.5488,74.8012,2026-09-14 12:09:10,7.579,0.3631139124330069,SAFE,7.593333333333334
130909,Karnataka,Kolar,Mulbagal,13.14694,78.464722,2026-09-14 12:09:10,84.443,0.1970272823276718,SAFE,84.69266666666668
050307HP,Karnataka,Vijayapura,Basavana Bagevadi,16.6583,75.815,2026-09-14 12:09:10,8.601,0.2730436588485643,SAFE,9.528666666666666
070255,Karnataka,Chitradurga,Chitradurga,14.3465,76.2631,2026-09-14 12:09:10,120.433,0.1496784934846411,SAFE,120.435
020826,Karnataka,Belagavi,Ramdurg,16.1177,75.1024,2026-09-14 12:09:10,5.134,0.3379723001088001,SAFE,4.771333333333334
070239,Karnataka,Chitradurga,Chitradurga,14.2004,76.4618,2026-09-14 12:09:10,27.001,0.3373073183780508,SAFE,27.018666666666665
250949,Karnataka,Tumakuru,Tumakuru,13.458399,76.981634,2026-09-14 12:09:10,144.19,0.0598340533062424,SAFE,143.439
110341,Karnataka,Hassan,Arsikere,13.191,76.325,2026-09-14 12:09:10,6.277,0.0065710300078402,SAFE,20.297666666666668
060402HP,Karnataka,Chikkamagaluru,Mudigere,13.121432,75.524696,2026-09-14 12:09:10,2.027,0.3287315312289059,SAFE,2.024
250211,Karnataka,Tumakuru,Gubbi,13.242683,76.861381,2026-09-14 12:09:10,18.708,0.3525652596570856,SAFE,18.578666666666667
010204,Karnataka,Bengaluru Urban,Bengaluru North,12.98556,77.49861,2026-09-14 12:09:10,35.064,0.315136195142797,SAFE,34.946333333333335
020707,Karnataka,Belagavi,Khanapur,15.6939,74.6149,2026-09-14 12:09:10,19.372,0.3568031278493691,SAFE,19.361666666666668
110343,Karnataka,Hassan,Arsikere,13.134,76.357,2026-09-14 12:09:10,44.129,0.2223456630828075,SAFE,45.16866666666667
070149,Karnataka,Chitradurga,Challakere,14.3889,76.5019,2026-09-14 12:09:10,26.607,0.3296301258315247,SAFE,26.32433333333333
010217,Karnataka,Bengaluru Urban,Bengaluru North,13.0472,77.54257,2026-09-14 12:09:10,22.8,0.3505547616477873,SAFE,22.81733333333333
020810B,Karnataka,Belagavi,Ramdurg,15.8938,75.3942,2026-09-14 12:09:10,9.958,0.3580349591499484,SAFE,9.746
020308,Karnataka,Belagavi,Belagavi,15.7763,74.6372,2026-09-14 12:09:10,9.635,0.3581350297140478,SAFE,9.698
250932,Karnataka,Tumakuru,Tumakuru,13.235278,77.148997,2026-09-14 12:09:10,48.449,0.2868779699220009,SAFE,48.46
110106HP,Karnataka,Hassan,Alur,12.841389,75.8575,2026-09-14 12:09:10,9.214,0.3662310778646228,SAFE,9.226666666666668
150232,Karnataka,Chamrajnagar,Gundlupet,11.7166,76.7929,2026-09-14 12:09:10,15.445,0.3655655436862999,SAFE,15.471333333333334
060707HP,Karnataka,Chikkamagaluru,Ajjampur,13.714856,75.963672,2026-09-14 12:09:10,16.961,0.3611516770941519,SAFE,16.950333333333333
110105,Karnataka,Hassan,Alur,12.996667,75.964722,2026-09-14 12:09:10,11.638,0.3658473264265278,SAFE,11.631333333333332
020711,Karnataka,Belagavi,Khanapur,15.5627,74.6481,2026-09-14 12:09:10,16.465,0.3342126288006844,SAFE,17.014666666666667
150233,Karnataka,Chamrajnagar,Gundlupet,11.8252,76.5976,2026-09-14 12:09:10,15.86,0.3651007809134685,SAFE,15.894
110319HP,Karnataka,Hassan,Arsikere,13.360833,76.214167,2026-09-14 12:09:10,7.717,0.3654388647563156,SAFE,7.711666666666666
110326HP,Karnataka,Hassan,Arsikere,13.4375,76.193611,2026-09-14 12:09:10,7.628,0.3565161095048152,SAFE,7.88
060702HP,Karnataka,Chikkamagaluru,Tarikere,13.595917,75.841813,2026-09-14 12:09:10,13.334,0.3671361221556554,SAFE,13.433666666666667
150212,Karnataka,Chamrajnagar,Gundlupet,11.7254,76.7235,2026-09-14 12:09:10,21.216,0.3526272201597223,SAFE,21.168666666666667
250130,Karnataka,Tumakuru,Chiknayakanhalli,13.405972,76.560972,2026-09-14 12:09:10,30.039,0.3358097261476722,SAFE,29.957333333333327
250133,Karnataka,Tumakuru,Chiknayakanhalli,13.355056,76.640167,2026-09-14 12:09:10,16.353,0.2878821599401292,SAFE,16.087999999999997
150218,Karnataka,Chamrajnagar,Gundlupet,11.7099,76.6967,2026-09-14 12:09:10,45.994,0.2246042943533511,SAFE,43.928333333333335
020503A,Karnataka,Belagavi,Gokak,16.0537,74.7743,2026-09-14 12:09:10,6.292,0.3653782914166493,SAFE,6.305
110325HP,Karnataka,Hassan,Arsikere,13.207083,76.278611,2026-09-14 12:09:10,4.002,0.3503621205543976,SAFE,3.920333333333333
110334,Karnataka,Hassan,Arsikere,13.237,76.266,2026-09-14 12:09:10,1.738,0.328987861492533,SAFE,1.774
150116,Karnataka,Chamrajnagar,Chamrajnagar,11.8059,76.9448,2026-09-14 12:09:10,15.719,0.364159780492757,SAFE,15.681333333333331
010824,Karnataka,Ramanagara,Kanakapura,12.448645,77.544733,2026-09-14 12:09:10,60.926,0.0577208694998966,SAFE,68.61200000000001
110335,Karnataka,Hassan,Arsikere,13.377,76.371,2026-09-14 12:09:10,6.049,0.363269010558246,SAFE,5.966666666666666
150103,Karnataka,Chamrajnagar,Chamrajnagar,11.9139,76.9053,2026-09-14 12:09:10,14.134,0.3667865469308905,SAFE,14.118
070133,Karnataka,Chitradurga,Challakere,14.2247,76.8206,2026-09-14 12:09:10,14.544,0.3653693676424998,SAFE,14.483333333333334
060505HP,Karnataka,Chikkamagaluru,N R Pura,13.465022,75.467125,2026-09-14 12:09:10,8.066,0.3660347697319676,SAFE,8.103666666666667
050210,Karnataka,Bagalkot,Bagalkot,16.1552,75.8095,2026-09-14 12:09:10,76.071,0.2270104206143812,SAFE,75.88333333333333
070138,Karnataka,Chitradurga,Challakere,14.2918,76.6736,2026-09-14 12:09:10,4.191,0.319738155149426,SAFE,3.6503333333333337
250126,Karnataka,Tumakuru,Chiknayakanhalli,13.506216,76.511204,2026-09-14 12:09:10,51.053,0.2765424637351882,SAFE,50.84
250140,Karnataka,Tumakuru,Chiknayakanhalli,13.545574,76.657924,2026-09-14 12:09:10,75.173,0.2360390977062784,SAFE,75.17566666666666
070141,Karnataka,Chitradurga,Challakere,14.2259,76.7648,2026-09-14 12:09:10,16.014,0.3583770136755727,SAFE,15.877
060725,Karnataka,Chikkamagaluru,Ajjampur,13.799727,75.981468,2026-09-14 12:09:10,9.539,0.2520322548296551,SAFE,11.684333333333331
131009,Karnataka,Chikkaballapura,Sidlaghatta,13.400833,77.946944,2026-09-14 12:09:10,28.725,0.3423099820282211,SAFE,28.712
250929,Karnataka,Tumakuru,Tumakuru,13.360776,77.015205,2026-09-14 12:09:10,15.654,0.3569634079538443,SAFE,15.381333333333332
250319,Karnataka,Tumakuru,Koratagere,13.580382,77.357738,2026-09-14 12:09:10,29.471,0.2233631620651362,SAFE,32.692
050223,Karnataka,Bagalkot,Bagalkot,16.3019,75.8909,2026-09-14 12:09:10,4.5,0.3567618312848138,SAFE,4.495666666666668
010838,Karnataka,Ramanagara,Kanakapura,12.40002,77.39122,2026-09-14 12:09:10,20.275,0.2838731082993947,SAFE,21.175666666666668
070231,Karnataka,Chitradurga,Chitradurga,14.2624,76.4036,2026-09-14 12:09:10,7.57,0.3347507364242372,SAFE,8.107999999999999
150412,Karnataka,Mysuru,Hunsur,12.3208,76.3413,2026-09-14 12:09:10,25.051,0.3442088207375178,SAFE,24.987666666666662
110414HP,Karnataka,Hassan,Belur,13.118056,75.775,2026-09-14 12:09:10,14.779,0.3617567124401692,SAFE,14.653333333333334
050144,Karnataka,Bagalkot,Guledagudda,16.0669,75.6564,2026-09-14 12:09:10,9.058,0.366298745681377,SAFE,9.147666666666666
250912,Karnataka,Tumakuru,Tumakuru,13.380194,77.049989,2026-09-14 12:09:10,6.399,0.3640100459458553,SAFE,6.333666666666666
191110,Karnataka,Uttara Kannada,Yellapur,15.0569,74.8492,2026-09-14 12:09:10,5.607,0.1830488035130276,SAFE,4.439
131026,Karnataka,Chikkaballapura,Sidlaghatta,13.39239,77.92608,2026-09-14 12:09:10,108.828,0.0314472126516278,SAFE,104.288
020825,Karnataka,Belagavi,Ramdurg,16.1425,75.1253,2026-09-14 12:09:10,4.924,0.3375474941789521,SAFE,4.969
020227,Karnataka,Belagavi,Athni,16.8804,74.9859,2026-09-14 12:09:10,62.002,0.2576578352269392,SAFE,62.012
070236,Karnataka,Chitradurga,Chitradurga,14.2957,76.1606,2026-09-14 12:09:10,16.687,0.3597241498167786,SAFE,16.657666666666668
250905,Karnataka,Tumakuru,Tumakuru,13.508103,77.007472,2026-09-14 12:09:10,18.07,0.3582055712541773,SAFE,18.08633333333333
050143,Karnataka,Bagalkot,Badami,16.0209,75.6057,2026-09-14 12:09:10,3.766,0.3529444528632672,SAFE,3.770333333333333
050228,Karnataka,Bagalkot,Bagalkot,16.1929,75.5617,2026-09-14 12:09:10,40.99,0.3090258455405811,SAFE,41.042
131018,Karnataka,Chikkaballapura,Sidlaghatta,13.377019,77.876656,2026-09-14 12:09:10,40.154,0.3073280188681068,SAFE,40.164
110510A,Karnataka,Hassan,Channarayapatna,12.960556,76.417222,2026-09-14 12:09:10,23.082,0.35007407336626,SAFE,23.050666666666668
250328,Karnataka,Tumakuru,Koratagere,13.363835,77.310543,2026-09-14 12:09:10,9.853,0.1712730532892575,SAFE,14.785666666666666
070155,Karnataka,Chitradurga,Challakere,14.4474,76.6741,2026-09-14 12:09:10,13.248,0.3681272258482052,SAFE,13.274
060204HP,Karnataka,Chikkamagaluru,Kadur,13.513821,76.176603,2026-09-14 12:09:10,5.84,0.3591628939497748,SAFE,5.980333333333334
070225,Karnataka,Chitradurga,Chitradurga,14.288,76.39971,2026-09-14 12:09:10,18.748,0.3580048743259826,SAFE,18.76233333333333
020232,Karnataka,Belagavi,Athni,16.8435,74.9465,2026-09-14 12:09:10,31.589,0.3300711621095157,SAFE,31.630666666666663
050150,Karnataka,Bagalkot,Badami,15.8815,75.8002,2026-09-14 12:09:10,11.918,0.3650575493993696,SAFE,11.9
250312,Karnataka,Tumakuru,Koratagere,13.566806,77.238308,2026-09-14 12:09:10,11.79,0.3234705227827634,SAFE,11.282000000000002
020820,Karnataka,Belagavi,Ramdurg,16.0956,75.2379,2026-09-14 12:09:10,41.148,0.2948699968900486,SAFE,40.62866666666667
131123,Karnataka,Kolar,Srinivaspur,13.52083,78.28,2026-09-14 12:09:10,25.225,0.0464640196930014,SAFE,15.941
110351,Karnataka,Hassan,Arsikere,13.5128,76.3186,2026-09-14 12:09:10,4.597,0.3501346012917438,SAFE,4.769333333333333
010817,Karnataka,Ramanagara,Kanakapura,12.43038,77.54203,2026-09-14 12:09:10,40.196,0.3037841850998976,SAFE,40.33166666666667
070160,Karnataka,Chitradurga,Challakere,14.3187,76.5818,2026-09-14 12:09:10,1.617,0.3301316599609697,SAFE,1.6096666666666666
150240,Karnataka,Chamrajnagar,Gundlupet,11.8835,76.6437,2026-09-14 12:09:10,14.762,0.3617721479903199,SAFE,14.708666666666668
020231,Karnataka,Belagavi,Athni,16.8018,74.9557,2026-09-14 12:09:10,7.294,0.3640506303360669,SAFE,7.337
070226,Karnataka,Chitradurga,Chitradurga,14.2593,76.3898,2026-09-14 12:09:10,18.933,0.3298997736451608,SAFE,18.62033333333333
100819,Karnataka,Yadgir,Shahpur,16.604552,76.88083,2026-09-14 12:09:10,4.337,0.3560559224996013,SAFE,4.312
020230,Karnataka,Belagavi,Athni,16.9239,74.9832,2026-09-14 12:09:10,7.118,0.3636978260416823,SAFE,7.116
250111,Karnataka,Tumakuru,Chiknayakanhalli,13.4611,76.4833,2026-09-14 12:09:10,24.398,0.3474757597724942,SAFE,24.326000000000004
250921,Karnataka,Tumakuru,Tumakuru,13.253772,77.114083,2026-09-14 12:09:10,73.882,0.0192820584217839,SAFE,73.85133333333333
100609,Karnataka,Kalaburagi,Yedrami,16.768785,76.485482,2026-09-14 12:09:10,4.409,0.3568923893208449,SAFE,4.457333333333334
070210,Karnataka,Chitradurga,Chitradurga,14.4356,76.17878,2026-09-14 12:09:10,31.101,0.3207434930262642,SAFE,31.35233333333333
110355,Karnataka,Hassan,Arsikere,13.1286,76.3035,2026-09-14 12:09:10,49.896,0.2861567555782372,SAFE,49.88933333333333
131109,Karnataka,Kolar,Srinivaspur,13.53056,78.340278,2026-09-14 12:09:10,58.373,0.2397445008187861,SAFE,59.138666666666666
131107,Karnataka,Kolar,Srinivaspur,13.3125,78.251944,2026-09-14 12:09:10,29.724,0.3365312264504859,SAFE,29.62366666666667
050219,Karnataka,Bagalkot,Bagalkot,16.1492,75.7006,2026-09-14 12:09:10,37.307,0.3161664030340219,SAFE,37.27133333333333
110357,Karnataka,Hassan,Arsikere,13.3875,76.247,2026-09-14 12:09:10,16.023,0.3470492874846607,SAFE,15.747333333333332
250102,Karnataka,Tumakuru,Chiknayakanhalli,13.4745,76.6051,2026-09-14 12:09:10,50.011,0.2858243525716959,SAFE,50.001666666666665
070206,Karnataka,Chitradurga,Chitradurga,14.2456,76.51042,2026-09-14 12:09:10,15.045,0.3661609273942351,SAFE,15.049666666666669
010513,Karnataka,Bengaluru Rural,Devanahalli,13.33,77.745,2026-09-14 12:09:10,45.45,0.2912584918965677,SAFE,45.29933333333333
040209HP,Karnataka,Bidar,Bidar,17.99447,77.62125,2026-09-14 12:09:10,17.52,0.3601209860761521,SAFE,17.497666666666664
021017A,Karnataka,Belagavi,Saundatti,15.755,75.1778,2026-09-14 12:09:10,64.239,0.2543561350408933,SAFE,64.241
050318,Karnataka,Vijayapura,Nidgundi,16.3613,75.9422,2026-09-14 12:09:10,3.22,0.3483127180298114,SAFE,3.2260000000000004
170234,Karnataka,Davangere,Channagiri,14.0274,75.916,2026-09-14 12:09:10,15.834,0.3468638365320205,SAFE,15.337333333333332
070831,Karnataka,Davangere,Jagalur,14.6191,76.269,2026-09-14 12:09:10,22.647,0.2482476642484673,SAFE,24.283666666666665
250742,Karnataka,Tumakuru,Sira,13.77171,76.974837,2026-09-14 12:09:10,54.941,0.2699593965317445,SAFE,54.88733333333334
070601,Karnataka,Chitradurga,Holalkere,14.0314,76.3278,2026-09-14 12:09:10,5.968,0.3636833634069112,SAFE,5.955666666666666
130531,Karnataka,Chikkaballapura,Gauribidanur,13.67695,77.48093,2026-09-14 12:09:10,32.512,0.138263755306519,SAFE,29.058333333333334
070719,Karnataka,Chitradurga,Hosdurga,13.7046,76.5248,2026-09-14 12:09:10,7.903,0.364676886400394,SAFE,7.950333333333333
250727,Karnataka,Tumakuru,Sira,13.797197,76.802991,2026-09-14 12:09:10,9.5,0.1319743731805678,SAFE,14.026666666666666
050319,Karnataka,Vijayapura,Kolhar,16.4472,75.6921,2026-09-14 12:09:10,19.739,0.3550297496052421,SAFE,19.70233333333333
130723,Karnataka,Kolar,Kolar,13.13221,77.97542,2026-09-14 12:09:10,44.073,0.2980393083408991,SAFE,44.077
070610,Karnataka,Chitradurga,Holalkere,14.1378,76.2449,2026-09-14 12:09:10,16.335,0.3631638602094515,SAFE,16.26233333333333
050711HP,Karnataka,Vijayapura,Indi,17.2263,75.8455,2026-09-14 12:09:10,37.807,0.3138154516963805,SAFE,37.803666666666665
020109b,Karnataka,Belagavi,Athni,16.8171,75.0942,2026-09-14 12:09:10,14.008,0.1514552230506577,SAFE,19.08033333333333
130530,Karnataka,Chikkaballapura,Gauribidanur,13.49253,77.59882,2026-09-14 12:09:10,33.921,0.1961998730756458,SAFE,29.18
130510,Karnataka,Chikkaballapura,Gauribidanur,13.498667,77.602756,2026-09-14 12:09:10,8.03,0.3670085851644071,SAFE,8.055
070730,Karnataka,Chitradurga,Hosdurga,13.7292,76.2342,2026-09-14 12:09:10,49.72,0.2128045804853008,SAFE,51.397
010738,Karnataka,Bengaluru Rural,Hoskote,13.008,77.866,2026-09-14 12:09:10,120.301,0.134449588157738,SAFE,120.605
250723,Karnataka,Tumakuru,Sira,13.851558,76.842308,2026-09-14 12:09:10,39.944,0.3112128431089241,SAFE,39.93566666666666
170607HP,Karnataka,Shivamogga,Shikarpur,14.2588,75.4731,2026-09-14 12:09:10,5.259,0.3571980100527827,SAFE,5.154333333333334
170904HP,Karnataka,Shivamogga,Tirthahalli,13.6338,75.1847,2026-09-14 12:09:10,11.697,0.3649061865782639,SAFE,11.713
011116,Karnataka,Ramanagara,Ramanagaram,12.805461,77.405367,2026-09-14 12:09:10,18.368,0.2986811138186636,SAFE,17.06533333333333
020115,Karnataka,Belagavi,Athni,16.9179,75.0754,2026-09-14 12:09:10,7.613,0.1621571493942136,SAFE,2.775
060719,Karnataka,Chikkamagaluru,Tarikere,13.677408,75.833558,2026-09-14 12:09:10,9.15,0.3660602060959663,SAFE,9.193666666666669
130525,Karnataka,Chikkaballapura,Gauribidanur,13.704752,77.492905,2026-09-14 12:09:10,80.633,0.2175412648847183,SAFE,80.58933333333333
130733,Karnataka,Kolar,Kolar,13.15712,78.012699,2026-09-14 12:09:10,101.696,0.1847323149096109,SAFE,101.72466666666666
130722,Karnataka,Kolar,Kolar,13.1081,78.017749,2026-09-14 12:09:10,7.059,0.3456433903260706,SAFE,6.572333333333334
070632,Karnataka,Chitradurga,Holalkere,14.1481,76.1473,2026-09-14 12:09:10,36.755,0.2914393618158372,SAFE,37.495
170712HP,Karnataka,Shivamogga,Shivamogga,14.0542,75.5378,2026-09-14 12:09:10,17.709,0.3592895546191819,SAFE,17.701333333333334
050717HP,Karnataka,Vijayapura,Indi,17.2416,76.0531,2026-09-14 12:09:10,57.594,0.2174247634227782,SAFE,58.458333333333336
070631,Karnataka,Chitradurga,Holalkere,13.8732,76.1327,2026-09-14 12:09:10,17.324,0.3575350659637591,SAFE,17.450666666666667
130701,Karnataka,Kolar,Kolar,13.13972,78.218333,2026-09-14 12:09:10,61.819,0.0666853697030629,SAFE,60.10866666666667
130217,Karnataka,Kolar,Bangarapet,13.03639,78.121389,2026-09-14 12:09:10,86.405,0.2132469292547401,SAFE,86.407
010610,Karnataka,Bengaluru Rural,Dod Ballapur,13.36,77.63,2026-09-14 12:09:10,13.924,0.3676739814569367,SAFE,13.946333333333332
130229,Karnataka,Kolar,Bangarapet,12.89816,78.141825,2026-09-14 12:09:10,67.648,0.1756766993031803,SAFE,69.00966666666666
130713,Karnataka,Kolar,Kolar,13.0975,78.173889,2026-09-14 12:09:10,135.753,0.0735817981601428,SAFE,135.91466666666668
170217,Karnataka,Davangere,Channagiri,14.0254,76.02,2026-09-14 12:09:10,17.089,0.3522030194442208,SAFE,16.953999999999997
070630,Karnataka,Chitradurga,Holalkere,14.1759,76.1317,2026-09-14 12:09:10,31.263,0.3307830138062324,SAFE,31.25633333333333
250737,Karnataka,Tumakuru,Sira,13.664366,76.92813,2026-09-14 12:09:10,2.136,0.332948313589324,SAFE,2.122666666666667
170202HP,Karnataka,Davangere,Channagiri,14.169,75.993,2026-09-14 12:09:10,4.796,0.3337993669436965,SAFE,4.859333333333333
130712,Karnataka,Kolar,Kolar,13.07236,78.038347,2026-09-14 12:09:10,133.211,0.1229304228863004,SAFE,133.18866666666668
070628,Karnataka,Chitradurga,Holalkere,14.0881,76.1478,2026-09-14 12:09:10,9.021,0.3675577407423854,SAFE,9.034666666666666
130709,Karnataka,Kolar,Kolar,13.20889,78.103333,2026-09-14 12:09:10,20.313,0.3545182856381234,SAFE,20.304
130221,Karnataka,Kolar,K.G.F,12.89222,78.290278,2026-09-14 12:09:10,11.612,0.0949885655234471,SAFE,14.714333333333334
050424HP,Karnataka,Vijayapura,Tikota,16.9107,75.4441,2026-09-14 12:09:10,26.803,0.3377165629186913,SAFE,26.837333333333333
250528,Karnataka,Tumakuru,Madhugiri,13.783385,77.26128,2026-09-14 12:09:10,12.459,0.3580935186316286,SAFE,12.346666666666666
170814,Karnataka,Shivamogga,Soraba,14.53771,75.18817,2026-09-14 12:09:10,8.418,0.3532843983897343,SAFE,8.491333333333335
130235,Karnataka,Kolar,K.G.F,12.99769,78.296925,2026-09-14 12:09:10,0.556,0.3094904945587438,SAFE,0.5263333333333334
050713HP,Karnataka,Vijayapura,Indi,17.3113,76.0575,2026-09-14 12:09:10,18.239,0.3567296841317636,SAFE,18.209333333333333
080713,Karnataka,Udupi,Karkal,13.199179,75.074439,2026-09-14 12:09:10,35.807,0.2928859302041594,SAFE,35.63466666666667
250733,Karnataka,Tumakuru,Sira,13.936543,76.981501,2026-09-14 12:09:10,14.529,0.3619970475905709,SAFE,14.457666666666666
160911,Karnataka,Koppal,Kuknur,15.38445,75.94,2026-09-14 12:09:10,4.413,0.3570612471765482,SAFE,4.428999999999999
011118,Karnataka,Ramanagara,Ramanagaram,12.775004,77.334962,2026-09-14 12:09:10,29.986,0.3186473721766023,SAFE,29.49066666666667
070634,Karnataka,Chitradurga,Holalkere,13.9195,76.1979,2026-09-14 12:09:10,27.344,0.3342445536810535,SAFE,27.32933333333333
070909,Karnataka,Chitradurga,Molakalmuru,14.8852,76.78321,2026-09-14 12:09:10,11.279,0.3657842164779472,SAFE,11.267333333333331
020102,Karnataka,Belagavi,Athni,16.74,74.986,2026-09-14 12:09:10,10.542,0.366587372411253,SAFE,10.581333333333331
130609,Karnataka,Chikkaballapura,Gudibanda,13.67012,77.77275,2026-09-14 12:09:10,47.597,0.288503652535434,SAFE,47.589333333333336
050436HP,Karnataka,Vijayapura,Tikota,16.8158,75.5647,2026-09-14 12:09:10,12.766,0.3646893735487508,SAFE,12.652666666666669
250734,Karnataka,Tumakuru,Sira,13.640676,76.962453,2026-09-14 12:09:10,22.627,0.3500306935026058,SAFE,22.62933333333333
130715,Karnataka,Kolar,Kolar,13.13167,78.254444,2026-09-14 12:09:10,14.213,0.3660160074720492,SAFE,14.184666666666663
050701HP,Karnataka,Vijayapura,Indi,17.1062,75.8544,2026-09-14 12:09:10,21.838,0.3527399010235504,SAFE,21.84866666666667
010602,Karnataka,Bengaluru Rural,Dod Ballapur,13.36,77.37,2026-09-14 12:09:10,14.334,0.3614533620178313,SAFE,14.178333333333333
050313HP,Karnataka,Vijayapura,Basavana Bagevadi,16.5959,76.1021,2026-09-14 12:09:10,5.878,0.3620940107926432,SAFE,5.868333333333333
070741,Karnataka,Chitradurga,Hosdurga,13.9083,76.3155,2026-09-14 12:09:10,7.319,0.3657794684979914,SAFE,7.295000000000001
130134,Karnataka,Chikkaballapura,Bagepalli,13.758358,78.010798,2026-09-14 12:09:10,108.161,0.1622468489474844,SAFE,108.17133333333334
070807,Karnataka,Davangere,Jagalur,14.5619,76.151,2026-09-14 12:09:10,13.305,0.3679257479991619,SAFE,13.399333333333333
020119,Karnataka,Belagavi,Kagwad,16.7455,74.9429,2026-09-14 12:09:10,17.324,0.3315990866777086,SAFE,17.378
130435,Karnataka,Chikkaballapura,Chintamani,13.52341,78.09299,2026-09-14 12:09:10,168.46,0.0512518903164869,SAFE,168.48466666666667
050506,Karnataka,Bagalkot,Bilgi,16.2552,75.6027,2026-09-14 12:09:10,12.341,0.365726702270955,SAFE,12.351666666666668
250752,Karnataka,Tumakuru,Sira,13.683872,76.962017,2026-09-14 12:09:10,39.782,0.1681364579492635,SAFE,35.348333333333336
170516HP,Karnataka,Shivamogga,Sagar,14.27194,74.98278,2026-09-14 12:09:10,5.239,0.3503650536011117,SAFE,5.256
250414,Karnataka,Tumakuru,Kunigal,13.005122,76.897814,2026-09-14 12:09:10,12.698,0.3668011613057954,SAFE,12.729666666666668
251012,Karnataka,Tumakuru,Turuvekere,13.117672,76.654095,2026-09-14 12:09:10,8.105,0.3644414246150181,SAFE,8.141333333333332
170602HP,Karnataka,Shivamogga,Shikarpur,14.3792,75.2522,2026-09-14 12:09:10,11.482,0.3491676386733668,SAFE,11.567333333333332
130325,Karnataka,Chikkaballapura,Chik Ballapur,13.47792,77.76692,2026-09-14 12:09:10,3.652,0.2634712863523717,SAFE,4.158
090208HP,Karnataka,Dharwad,Dharwad,15.60559,74.9036,2026-09-14 12:09:10,10.647,0.3666601675411872,SAFE,10.641
170406HP,Karnataka,Shivamogga,Hosanagara,13.8631,75.2071,2026-09-14 12:09:10,6.383,0.3647706301469588,SAFE,6.37
050121,Karnataka,Bagalkot,Badami,16.0021,75.6438,2026-09-14 12:09:10,78.194,0.2015788664572438,SAFE,77.67166666666667
130408,Karnataka,Chikkaballapura,Chintamani,13.368264,78.133761,2026-09-14 12:09:10,11.758,0.1202168922036941,SAFE,5.090333333333333
130133,Karnataka,Chikkaballapura,Bagepalli,13.78038,78.08683,2026-09-14 12:09:10,17.923,0.3567423106676601,SAFE,17.914333333333335
250753,Karnataka,Tumakuru,Sira,13.530561,76.968801,2026-09-14 12:09:10,64.418,0.2317974649750672,SAFE,64.30133333333333
250621,Karnataka,Tumakuru,Pavagada,14.279953,77.175583,2026-09-14 12:09:10,9.853,0.3662948270385627,SAFE,9.845999999999998
070519,Karnataka,Chitradurga,Hiriyur,14.0575,76.81261,2026-09-14 12:09:10,30.765,0.3344968601323314,SAFE,30.707666666666668
050615,Karnataka,Bagalkot,Ilkal,15.8695,75.95112,2026-09-14 12:09:10,9.061,0.3566074245151835,SAFE,8.804666666666668
070739,Karnataka,Chitradurga,Hosdurga,13.8807,76.1929,2026-09-14 12:09:10,28.424,0.3334579575433781,SAFE,28.509
070803,Karnataka,Davangere,Jagalur,14.495,76.158,2026-09-14 12:09:10,14.684,0.3663996562372025,SAFE,14.656
130801,Karnataka,Kolar,Malur,12.87056,78.060556,2026-09-14 12:09:10,39.179,0.311299629147139,SAFE,39.19
070736,Karnataka,Chitradurga,Hosdurga,13.8464,76.1761,2026-09-14 12:09:10,14.757,0.3653291232524363,SAFE,14.791333333333334
070738,Karnataka,Chitradurga,Hosdurga,13.912,76.2837,2026-09-14 12:09:10,21.656,0.3350564977658127,SAFE,21.212
011016,Karnataka,Bengaluru Rural,Nelamangala,13.026,77.349,2026-09-14 12:09:10,93.868,0.1995176220992379,SAFE,93.872
070745,Karnataka,Chitradurga,Hosdurga,13.6037,76.3782,2026-09-14 12:09:10,14.299,0.3615690428756175,SAFE,14.241
130742,Karnataka,Kolar,Kolar,13.24126,78.010545,2026-09-14 12:09:10,75.037,0.2338760943638056,SAFE,75.03266666666667
130444,Karnataka,Chikkaballapura,Chintamani,13.49029,78.15672,2026-09-14 12:09:10,43.437,0.3028256631729751,SAFE,43.45633333333333
130201,Karnataka,Kolar,Bangarapet,13.055,78.163333,2026-09-14 12:09:10,53.514,0.2661065834495537,SAFE,53.45766666666666
170504HP,Karnataka,Shivamogga,Sagar,14.16139,75.00917,2026-09-14 12:09:10,11.126,0.3665619371135295,SAFE,11.106333333333334
090201,Karnataka,Dharwad,Dharwad,15.465385,75.093814,2026-09-14 12:09:10,4.361,0.3544286581242838,SAFE,4.433666666666667
010523,Karnataka,Bengaluru Rural,Devanahalli,13.215,77.803,2026-09-14 12:09:10,222.253,-0.0299413202385044,WATCH,222.4526666666667
130422,Karnataka,Chikkaballapura,Chintamani,13.343664,78.112482,2026-09-14 12:09:10,147.537,0.0758080278583787,SAFE,147.78266666666667
130203,Karnataka,Kolar,Bangarapet,12.9875,78.183611,2026-09-14 12:09:10,48.542,0.285941997858248,SAFE,48.54333333333333
070751,Karnataka,Chitradurga,Hosdurga,13.7803,76.2572,2026-09-14 12:09:10,7.989,0.3166197783642261,SAFE,6.925666666666667
250537,Karnataka,Tumakuru,Madhugiri,13.650847,77.346359,2026-09-14 12:09:10,35.568,0.3185658885109061,SAFE,35.422000000000004
130443,Karnataka,Chikkaballapura,Chintamani,13.406096,78.001372,2026-09-14 12:09:10,18.19,0.2692011469665291,SAFE,19.458666666666662
070535,Karnataka,Chitradurga,Hiriyur,13.9381,76.5613,2026-09-14 12:09:10,2.414,0.340102122490588,SAFE,2.4523333333333333
131114,Karnataka,Kolar,Srinivaspur,13.39028,78.155556,2026-09-14 12:09:11,69.974,-0.0441145033581569,WATCH,79.83933333333334
010733,Karnataka,Bengaluru Rural,Hoskote,13.1523,77.9345,2026-09-14 12:09:11,24.474,0.2574616397429786,SAFE,23.13166666666667
250736,Karnataka,Tumakuru,Sira,13.936909,76.855576,2026-09-14 12:09:11,7.021,0.3603635245022114,SAFE,7.053666666666667
250526,Karnataka,Tumakuru,Madhugiri,13.67688,77.092533,2026-09-14 12:09:11,45.562,0.2910941208705397,SAFE,45.569
070203-2BW,Karnataka,Chitradurga,Chitradurga,14.217,76.28464,2026-09-14 12:09:11,16.179,0.3407377770755547,SAFE,16.073
170519HP,Karnataka,Shivamogga,Sagar,14.17,75.1028,2026-09-14 12:09:11,10.461,0.1727549142321387,SAFE,14.289666666666667
070120,Karnataka,Chitradurga,Challakere,14.3872,76.83981,2026-09-14 12:09:11,11.118,0.3661763159741708,SAFE,11.113333333333337
011110,Karnataka,Ramanagara,Ramanagaram,12.66425,77.28766,2026-09-14 12:09:11,2.805,0.3381224360500991,SAFE,2.76
130232,Karnataka,Kolar,Bangarapet,12.89783,78.224201,2026-09-14 12:09:11,84.061,0.2068459361483715,SAFE,84.01833333333333
110356,Karnataka,Hassan,Arsikere,13.3486,76.0649,2026-09-14 12:09:11,25.271,0.3409068401515466,SAFE,25.359333333333336
170508HP,Karnataka,Shivamogga,Sagar,14.19902,74.93944,2026-09-14 12:09:11,5.351,0.1910939886406331,SAFE,7.693
070126,Karnataka,Chitradurga,Challakere,14.1664,76.69358,2026-09-14 12:09:11,19.089,0.3554821281575304,SAFE,19.163666666666668
250318,Karnataka,Tumakuru,Koratagere,13.564042,77.302465,2026-09-14 12:09:11,97.062,0.1990138504337508,SAFE,97.06033333333336
070753,Karnataka,Chitradurga,Hosdurga,13.8768,76.2251,2026-09-14 12:09:11,21.142,0.3497874541358468,SAFE,21.173666666666666
150315,Karnataka,Mysuru,H D Kote,11.86399,76.13342,2026-09-14 12:09:11,9.709,0.3654377061519462,SAFE,9.698
070836,Karnataka,Davangere,Jagalur,14.4569,76.14,2026-09-14 12:09:11,21.828,0.3340850828474875,SAFE,21.328333333333333
250128,Karnataka,Tumakuru,Chiknayakanhalli,13.694266,76.618654,2026-09-14 12:09:11,109.652,0.1627345661395304,SAFE,109.62233333333334
130429,Karnataka,Chikkaballapura,Chintamani,13.3424,77.9879,2026-09-14 12:09:11,28.53,0.3418077844498154,SAFE,28.53933333333333
150214,Karnataka,Chamrajnagar,Gundlupet,11.778,76.5693,2026-09-14 12:09:11,12.899,0.3662041883490561,SAFE,12.867333333333336
110331,Karnataka,Hassan,Arsikere,13.321,76.234,2026-09-14 12:09:11,46.46,0.1925956864511723,SAFE,43.79566666666667
070214,Karnataka,Chitradurga,Chitradurga,14.3109,76.45439,2026-09-14 12:09:11,30.377,0.335068063097499,SAFE,30.451000000000004
250316,Karnataka,Tumakuru,Koratagere,13.472569,77.29016,2026-09-14 12:09:11,13.355,0.2516333775392186,SAFE,11.885
250735,Karnataka,Tumakuru,Sira,13.757439,76.855055,2026-09-14 12:09:11,52.834,0.2683436605272108,SAFE,52.61633333333333
020823,Karnataka,Belagavi,Ramdurg,15.8754,75.3076,2026-09-14 12:09:11,8.333,0.3655396645137557,SAFE,8.332
130704,Karnataka,Kolar,Kolar,13.07222,78.209444,2026-09-14 12:09:11,9.392,0.3451251017143227,SAFE,9.61
130410,Karnataka,Chikkaballapura,Chintamani,13.434117,77.994744,2026-09-14 12:09:11,20.029,0.3547041870535111,SAFE,20.00933333333333
010311,Karnataka,Bengaluru Urban,Bengaluru South,12.9625,77.4125,2026-09-14 12:09:11,24.145,0.3483052135470804,SAFE,24.15733333333333
070144,Karnataka,Chitradurga,Challakere,14.2349,76.692,2026-09-14 12:09:11,7.706,0.359030067834326,SAFE,7.75
070136,Karnataka,Chitradurga,Challakere,14.4732,76.8315,2026-09-14 12:09:11,15.106,0.3637800717557107,SAFE,15.122
110353,Karnataka,Hassan,Arsikere,13.276,76.2065,2026-09-14 12:09:11,120.237,0.1324322615967709,SAFE,120.32766666666669
131131,Karnataka,Kolar,Srinivaspur,13.254,78.29833,2026-09-14 12:09:11,26.7,0.2334317348413854,SAFE,27.752666666666663
050213,Karnataka,Bagalkot,Bagalkot,16.2126,75.6959,2026-09-14 12:09:11,24.92,0.321301637278735,SAFE,24.41033333333333
140516,Karnataka,Mandya,Nagamangala,12.81679,76.86649,2026-09-14 12:09:11,22.29,0.1939970162070134,SAFE,19.621333333333336
110345,Karnataka,Hassan,Arsikere,13.236,76.151,2026-09-14 12:09:11,22.371,0.3522753147559779,SAFE,22.33933333333333
010624,Karnataka,Bengaluru Rural,Dod Ballapur,13.355,77.65,2026-09-14 12:09:11,20.213,0.3521086080827824,SAFE,20.001
060304HP,Karnataka,Chikkamagaluru,Koppa,13.520884,75.300185,2026-09-14 12:09:11,8.598,0.3665374948654002,SAFE,8.644333333333334
070728,Karnataka,Chitradurga,Hosdurga,13.7772,76.1642,2026-09-14 12:09:11,12.914,0.3670242374283334,SAFE,12.981
070729,Karnataka,Chitradurga,Hosdurga,13.7248,76.4731,2026-09-14 12:09:11,2.637,0.3390723538212271,SAFE,2.679
150224,Karnataka,Chamrajnagar,Gundlupet,11.7303,76.6838,2026-09-14 12:09:11,32.917,0.3267883372870512,SAFE,32.92933333333333
050151,Karnataka,Bagalkot,Badami,16.0744,75.449,2026-09-14 12:09:11,160.732,0.0711308614353254,SAFE,160.731
130324,Karnataka,Chikkaballapura,Chik Ballapur,13.37521,77.79675,2026-09-14 12:09:11,232.594,-0.0236731941968906,WATCH,232.626
130506,Karnataka,Chikkaballapura,Gauribidanur,13.628033,77.603619,2026-09-14 12:09:11,3.365,0.3498773148571821,SAFE,3.3593333333333333
250943,Karnataka,Tumakuru,Tumakuru,13.205927,77.180952,2026-09-14 12:09:11,2.586,0.0536624808416813,SAFE,15.544333333333334
020704,Karnataka,Belagavi,Khanapur,15.4459,74.4899,2026-09-14 12:09:11,13.437,0.3669674507830054,SAFE,13.430666666666667
020313,Karnataka,Belagavi,Belagavi,15.8221,74.5587,2026-09-14 12:09:11,2.581,0.3404242995329251,SAFE,2.634
170304HP,Karnataka,Davangere,Honnali,14.2848,75.784,2026-09-14 12:09:11,0.384,0.3046114499545972,SAFE,0.3893333333333333
070146,Karnataka,Chitradurga,Challakere,14.5243,76.6625,2026-09-14 12:09:11,25.711,0.1597078094661821,SAFE,29.774
010829,Karnataka,Ramanagara,Kanakapura,12.566043,77.332706,2026-09-14 12:09:11,54.183,0.1400986465442025,SAFE,49.214
070820,Karnataka,Davangere,Jagalur,14.5179,76.341,2026-09-14 12:09:11,13.183,0.3676272427105638,SAFE,13.130666666666665
140412,Karnataka,Mandya,Mandya,12.68308,76.85034,2026-09-14 12:09:11,17.925,0.357767669808263,SAFE,18.022666666666662
011027,Karnataka,Bengaluru Rural,Nelamangala,13.081,77.35,2026-09-14 12:09:11,106.668,0.1685809486761069,SAFE,106.723
250531,Karnataka,Tumakuru,Madhugiri,13.745462,77.455542,2026-09-14 12:09:11,28.139,0.2352013079305833,SAFE,27.406333333333333
070142,Karnataka,Chitradurga,Challakere,14.492,76.7978,2026-09-14 12:09:11,7.262,0.364803310529589,SAFE,7.252
070202,Karnataka,Chitradurga,Chitradurga,14.3665,76.19433,2026-09-14 12:09:11,4.453,0.354743105887769,SAFE,4.551666666666667
020604,Karnataka,Belagavi,Hukeri,16.1293,74.5155,2026-09-14 12:09:11,7.303,0.3654310396574007,SAFE,7.326333333333333
070162,Karnataka,Chitradurga,Challakere,14.4485,76.6604,2026-09-14 12:09:11,4.255,0.3548844540589863,SAFE,4.183333333333334
250952,Karnataka,Tumakuru,Tumakuru,13.403851,77.089648,2026-09-14 12:09:11,9.506,0.366449068583643,SAFE,9.562
070709,Karnataka,Chitradurga,Hosdurga,13.6064,76.4362,2026-09-14 12:09:11,4.49,0.3572030116821715,SAFE,4.516333333333333
130238,Karnataka,Kolar,K.G.F,13.00289,78.413031,2026-09-14 12:09:11,15.222,0.3652373053551445,SAFE,15.151666666666666
130541,Karnataka,Chikkaballapura,Gauribidanur,13.7197,77.59101,2026-09-14 12:09:11,38.623,0.0634339031873904,SAFE,45.92966666666666
250925,Karnataka,Tumakuru,Tumakuru,13.19112,77.035795,2026-09-14 12:09:11,76.578,0.0055228616892925,SAFE,84.865
250530,Karnataka,Tumakuru,Madhugiri,13.818771,77.315872,2026-09-14 12:09:11,48.141,0.1200172495562391,SAFE,51.468
250622,Karnataka,Tumakuru,Pavagada,14.11872,77.144388,2026-09-14 12:09:11,2.272,0.3187991535572632,SAFE,2.046666666666667
100920,Karnataka,Yadgir,Hunasagi,16.597955,76.497727,2026-09-14 12:09:11,2.924,0.3461207102099393,SAFE,2.924666666666667
170705B,Karnataka,Shivamogga,Shivamogga,14.0369,75.6783,2026-09-14 12:09:11,12.542,0.3657719343413997,SAFE,12.577999999999998
060216HP,Karnataka,Chikkamagaluru,Kadur,13.614194,76.238882,2026-09-14 12:09:11,10.893,0.3662609062705809,SAFE,10.861666666666666
250115,Karnataka,Tumakuru,Chiknayakanhalli,13.5387,76.6278,2026-09-14 12:09:11,8.397,0.3464347844788665,SAFE,7.966
060724,Karnataka,Chikkamagaluru,Tarikere,13.700977,75.755611,2026-09-14 12:09:11,7.377,0.3651191079537498,SAFE,7.365666666666667
131128,Karnataka,Kolar,Srinivaspur,13.42807,78.211811,2026-09-14 12:09:11,76.947,0.213016260915999,SAFE,76.27933333333334
250950,Karnataka,Tumakuru,Tumakuru,13.467277,77.061899,2026-09-14 12:09:11,58.368,0.1648345389085556,SAFE,56.75533333333334
250123,Karnataka,Tumakuru,Chiknayakanhalli,13.421147,76.531206,2026-09-14 12:09:11,23.154,0.3298015222347416,SAFE,23.479666666666663
131129,Karnataka,Kolar,Srinivaspur,13.568,78.285,2026-09-14 12:09:11,58.747,0.098732055606675,SAFE,52.435333333333325
250930,Karnataka,Tumakuru,Tumakuru,13.209016,77.034293,2026-09-14 12:09:11,87.917,0.104108964624805,SAFE,86.26066666666668
110348,Karnataka,Hassan,Arsikere,13.344,76.114,2026-09-14 12:09:11,22.825,0.3511625982259915,SAFE,22.790666666666667
130440,Karnataka,Chikkaballapura,Chintamani,13.47294,78.02456,2026-09-14 12:09:11,93.007,0.1979228870927651,SAFE,92.913
131130,Karnataka,Kolar,Srinivaspur,13.32615,78.331415,2026-09-14 12:09:11,34.74,0.3212025302195023,SAFE,34.715333333333334
110320HP,Karnataka,Hassan,Arsikere,13.190278,76.408333,2026-09-14 12:09:11,40.625,0.3090767229079143,SAFE,40.61933333333334
130528,Karnataka,Chikkaballapura,Gauribidanur,13.604361,77.546018,2026-09-14 12:09:11,22.38,0.3266765467759928,SAFE,22.014666666666667
130328,Karnataka,Chikkaballapura,Chik Ballapur,13.43088,77.75531,2026-09-14 12:09:11,12.015,0.364893630034001,SAFE,11.995333333333337
110413HP,Karnataka,Hassan,Belur,13.215556,75.993611,2026-09-14 12:09:11,9.48,0.3607593642355448,SAFE,9.494333333333335
150810,Karnataka,Mysuru,Nanjangud,12.09356,76.8112,2026-09-14 12:09:11,28.199,0.3400392249492946,SAFE,28.204666666666668
100310,Karnataka,Kalaburagi,Chincholi,17.512715,77.210504,2026-09-14 12:09:11,17.534,0.3597891792363807,SAFE,17.586666666666666
130910,Karnataka,Kolar,Mulbagal,13.09472,78.469167,2026-09-14 12:09:11,15.102,0.3666605156954095,SAFE,15.098
130743,Karnataka,Kolar,Kolar,13.15004,78.045665,2026-09-14 12:09:11,17.322,0.3512622712553677,SAFE,17.496
120111BW,Karnataka,Kodagu,Madikeri,12.4956,75.5706,2026-09-14 12:09:11,14.067,0.3162707172192725,SAFE,13.366333333333332
030709,Karnataka,Ballari,Sandur,15.033325,76.491699,2026-09-14 12:09:11,7.048,0.3636299457376847,SAFE,7.104666666666667
250823,Karnataka,Tumakuru,Tiptur,13.216208,76.389907,2026-09-14 12:09:11,5.753,0.3608658389404067,SAFE,5.877
070534,Karnataka,Chitradurga,Hiriyur,14.0653,76.8636,2026-09-14 12:09:11,7.012,0.3645579042088085,SAFE,7.015000000000001
050135,Karnataka,Bagalkot,Badami,16.1299,75.527,2026-09-14 12:09:11,29.328,0.3380758165970252,SAFE,29.33
250514,Karnataka,Tumakuru,Madhugiri,13.689833,77.304539,2026-09-14 12:09:11,19.97,0.3527466162471844,SAFE,19.914
130744,Karnataka,Kolar,Kolar,13.2056,78.04543,2026-09-14 12:09:11,47.923,0.1654194376069608,SAFE,45.301
130745,Karnataka,Kolar,Kolar,13.24583,78.077495,2026-09-14 12:09:11,105.472,0.0657832015014957,SAFE,101.812
250751,Karnataka,Tumakuru,Sira,13.619445,76.763115,2026-09-14 12:09:11,22.79,0.3491128184569103,SAFE,22.79233333333333
070242,Karnataka,Chitradurga,Chitradurga,14.4055,76.2433,2026-09-14 12:09:11,32.044,0.3298914417542826,SAFE,32.06966666666667
090908HP,Karnataka,Dharwad,Kundgol,15.13167,75.14806,2026-09-14 12:09:11,5.343,0.3558430304582675,SAFE,5.325666666666667
150814,Karnataka,Mysuru,Nanjangud,12.92827,76.56732,2026-09-14 12:09:11,15.328,0.1873055786443586,SAFE,10.282333333333334
130908,Karnataka,Kolar,Mulbagal,13.06722,78.363889,2026-09-14 12:09:11,0.972,0.2323713008259422,SAFE,2.1346666666666665
051004,Karnataka,Bagalkot,Mudhol,16.1631,75.3667,2026-09-14 12:09:11,18.6,0.3499527657753567,SAFE,18.47733333333333
191001,Karnataka,Uttara Kannada,Joida,15.17163,74.48483,2026-09-14 12:09:11,5.878,0.3625135823636129,SAFE,5.893999999999999
070256,Karnataka,Chitradurga,Chitradurga,14.2362,76.2488,2026-09-14 12:09:11,4.063,0.3542480346337088,SAFE,4.053666666666667
130906,Karnataka,Kolar,Mulbagal,13.20667,78.378889,2026-09-14 12:09:11,7.706,0.3601919181960016,SAFE,7.781333333333333
070248,Karnataka,Chitradurga,Chitradurga,14.3335,76.3457,2026-09-14 12:09:11,19.322,0.3564220149008638,SAFE,19.381666666666668
040110BW,Karnataka,Bidar,Kamalnagar,18.1639,77.25185,2026-09-14 12:09:11,31.622,0.3073910937895107,SAFE,31.880666666666663
010607,Karnataka,Bengaluru Rural,Dod Ballapur,13.20312,77.435,2026-09-14 12:09:11,41.094,0.3067710310077106,SAFE,40.956
150608,Karnataka,Mysuru,Saligrama,12.5863,76.3504,2026-09-14 12:09:11,15.207,0.3660173548430863,SAFE,15.204333333333333
080814H,Karnataka,Udupi,Baindur,13.91435,74.60239,2026-09-14 12:09:11,6.232,0.364684781923201,SAFE,6.219666666666666
050415,Karnataka,Vijayapura,Bobleshwar,16.6244,75.525,2026-09-14 12:09:11,2.772,0.3405441454117713,SAFE,2.8296666666666668
020220,Karnataka,Belagavi,Athni,16.8678,74.9455,2026-09-14 12:09:11,2.728,0.3357283518539909,SAFE,2.8826666666666667
170911HP,Karnataka,Shivamogga,Tirthahalli,13.7136,75.3791,2026-09-14 12:09:11,6.503,0.3515801197860726,SAFE,6.767333333333333
070538,Karnataka,Chitradurga,Hiriyur,13.931,76.6717,2026-09-14 12:09:11,3.269,0.3485543796310274,SAFE,3.310333333333333
130736,Karnataka,Kolar,Kolar,13.12399,78.105779,2026-09-14 12:09:11,30.13,0.3339525446492419,SAFE,30.134
130920,Karnataka,Kolar,Mulbagal,13.06678,78.49325,2026-09-14 12:09:11,9.48,0.3665108518538622,SAFE,9.521333333333333
011018,Karnataka,Bengaluru Rural,Nelamangala,13.168,77.2407,2026-09-14 12:09:11,75.203,0.2188308140891874,SAFE,75.35633333333332
070540,Karnataka,Chitradurga,Hiriyur,14.0629,76.8462,2026-09-14 12:09:11,19.783,0.0952333765173494,SAFE,15.210666666666668
250825,Karnataka,Tumakuru,Tiptur,13.327928,76.388711,2026-09-14 12:09:11,17.124,0.3468257415723163,SAFE,17.400666666666666
020223,Karnataka,Belagavi,Athni,16.9365,75.3111,2026-09-14 12:09:11,10.091,0.3657965662571515,SAFE,10.058
160601,Karnataka,Raichur,Manvi,15.5744,76.5709,2026-09-14 12:09:11,5.62,0.3604152363124062,SAFE,5.629666666666666
050138,Karnataka,Bagalkot,Badami,16.0867,75.5819,2026-09-14 12:09:11,26.401,0.3397235676737913,SAFE,26.43433333333333
060720,Karnataka,Chikkamagaluru,Tarikere,13.725474,75.855725,2026-09-14 12:09:11,11.418,0.3662706922157672,SAFE,11.391333333333334
090710HP,Karnataka,Dharwad,Hubballi,15.4501,75.20699,2026-09-14 12:09:11,6.424,0.3636081478710189,SAFE,6.423333333333333
130732,Karnataka,Kolar,Kolar,13.17258,78.125263,2026-09-14 12:09:11,52.136,0.0887887953684997,SAFE,47.499
010743,Karnataka,Bengaluru Rural,Hoskote,13.156,77.895,2026-09-14 12:09:11,70.035,0.2444934542767839,SAFE,70.05533333333334
050130,Karnataka,Bagalkot,Badami,15.9511,75.8427,2026-09-14 12:09:11,2.355,0.3411225366198874,SAFE,2.366
090705,Karnataka,Dharwad,Hubballi,15.258479,75.168615,2026-09-14 12:09:11,11.7,0.3660841987479148,SAFE,11.699333333333334
060113,Karnataka,Chikkamagaluru,Chikkamagaluru,13.231733,75.685623,2026-09-14 12:09:11,4.923,0.3237870909113255,SAFE,5.305000000000001
050908,Karnataka,Vijayapura,Talikota,16.5785,76.2921,2026-09-14 12:09:11,12.723,0.3666731031903292,SAFE,12.719333333333331
020116a,Karnataka,Belagavi,Athni,16.8443,75.0074,2026-09-14 12:09:11,2.464,0.2510369923408997,SAFE,3.6710000000000007
110814HP,Karnataka,Hassan,Sakleshpur,12.735,75.811667,2026-09-14 12:09:11,10.349,0.3674084827309404,SAFE,10.362333333333332
250332,Karnataka,Tumakuru,Koratagere,13.571138,77.273518,2026-09-14 12:09:11,26.961,0.3179006882466848,SAFE,26.474666666666668
010405,Karnataka,Ramanagara,Channapatna,12.5824856,77.25689307,2026-09-14 12:09:11,14.678,0.3651173306438458,SAFE,14.679333333333332
150804,Karnataka,Mysuru,Nanjangud,12.0311,76.6743,2026-09-14 12:09:11,16.362,0.3644387354524223,SAFE,16.370333333333335
150614,Karnataka,Mysuru,Saligrama,12.44,76.28,2026-09-14 12:09:11,1.935,0.3325713140412806,SAFE,1.96
060104HP,Karnataka,Chikkamagaluru,Chikkamagaluru,13.26791,75.83577,2026-09-14 12:09:11,10.906,0.3670574390273126,SAFE,10.92
250831,Karnataka,Tumakuru,Tiptur,13.202499,76.534793,2026-09-14 12:09:11,21.413,0.3495718249809335,SAFE,21.322
130718,Karnataka,Kolar,Kolar,13.49306,78.198611,2026-09-14 12:09:11,13.222,0.3678353327929385,SAFE,13.171666666666669
070529,Karnataka,Chitradurga,Hiriyur,13.8832,76.5817,2026-09-14 12:09:11,62.554,0.2398519675393499,SAFE,63.119
050132,Karnataka,Bagalkot,Guledagudda,15.9966,75.8601,2026-09-14 12:09:11,11.348,0.347309106903963,SAFE,10.935666666666668
050312HP,Karnataka,Vijayapura,Devar Hippargi,16.7323,76.0583,2026-09-14 12:09:11,5.355,0.3568702816980328,SAFE,5.37
250325,Karnataka,Tumakuru,Koratagere,13.503918,77.236522,2026-09-14 12:09:11,2.906,0.1465945167114274,SAFE,7.909
090223,Karnataka,Dharwad,Dharwad,15.39422,74.94104,2026-09-14 12:09:11,5.843,0.3621944684570256,SAFE,5.787
090214,Karnataka,Dharwad,Dharwad,15.35278,74.9011,2026-09-14 12:09:11,34.933,0.3180103463730986,SAFE,34.943666666666665
131024,Karnataka,Chikkaballapura,Sidlaghatta,13.27182,77.8455,2026-09-14 12:09:11,75.773,0.2312509544117956,SAFE,75.75966666666666
150906,Karnataka,Mysuru,Piriyapatna,12.2858,76.136,2026-09-14 12:09:11,22.432,0.3512955087806202,SAFE,22.438333333333333
010741,Karnataka,Bengaluru Rural,Hoskote,12.938,77.786,2026-09-14 12:09:11,167.386,0.016123611765748,SAFE,167.494
131025,Karnataka,Chikkaballapura,Sidlaghatta,13.261829,77.844726,2026-09-14 12:09:11,132.779,0.0648030512275142,SAFE,131.11133333333336
090219HP,Karnataka,Dharwad,Dharwad,15.44992,74.90352,2026-09-14 12:09:11,11.696,0.3656444527105638,SAFE,11.699666666666666
130810,Karnataka,Kolar,Malur,12.85667,77.941111,2026-09-14 12:09:11,12.279,0.3656205782020964,SAFE,12.301666666666668
250323,Karnataka,Tumakuru,Koratagere,13.3877,77.314793,2026-09-14 12:09:11,26.216,0.097574844212007,SAFE,20.236
130108,Karnataka,Chikkaballapura,Bagepalli,13.825308,78.096892,2026-09-14 12:09:11,8.367,0.3667291766307864,SAFE,8.400999999999998
250738,Karnataka,Tumakuru,Sira,13.5822533,76.983512,2026-09-14 12:09:11,4.022,0.1044178502187287,SAFE,10.055333333333332
250322,Karnataka,Tumakuru,Koratagere,13.582982,77.328457,2026-09-14 12:09:11,24.7,0.3429791891291477,SAFE,24.790000000000003
150908,Karnataka,Mysuru,Hunsur,12.3396,76.1864,2026-09-14 12:09:11,21.631,0.3468916806026608,SAFE,21.442
130821,Karnataka,Kolar,Malur,12.96749,77.891148,2026-09-14 12:09:11,76.53,0.2289310221564772,SAFE,76.51133333333333
010314,Karnataka,Bengaluru Urban,Bengaluru South,12.97222,77.36111,2026-09-14 12:09:11,16.809,0.3625799438030279,SAFE,16.807666666666666
070503,Karnataka,Chitradurga,Hiriyur,13.9291,76.49851,2026-09-14 12:09:11,40.436,0.3097063657203543,SAFE,40.45033333333333
190308,Karnataka,Uttara Kannada,Haliyal,15.15316,74.75571,2026-09-14 12:09:11,17.506,0.3480850662808828,SAFE,17.554
050723BW,Karnataka,Vijayapura,Chadchan,17.3915,75.8458,2026-09-14 12:09:11,1.393,0.3074605545988636,SAFE,1.0963333333333336
100206,Karnataka,Kalaburagi,Aland,17.557476,76.56043,2026-09-14 12:09:11,5.224,0.3580453759901981,SAFE,5.214666666666666
130120,Karnataka,Chikkaballapura,Bagepalli,13.686389,77.8625,2026-09-14 12:09:11,56.325,0.2449787684030536,SAFE,55.917
150511,Karnataka,Chamrajnagar,Kollegal(Hanur),12.06791,77.44178,2026-09-14 12:09:11,15.366,0.3145316639267532,SAFE,15.763
040203BW,Karnataka,Bidar,Bidar,17.69328,77.44564,2026-09-14 12:09:11,4.317,0.3499067779194393,SAFE,4.175333333333334
090803HP,Karnataka,Dharwad,Kalghatgi,15.14576,75.0605,2026-09-14 12:09:11,13.665,0.221822787675041,SAFE,11.415333333333336
070326,Karnataka,Davangere,Davangere,14.3341,76.038,2026-09-14 12:09:11,26.068,0.2539487821771315,SAFE,24.159666666666663
131017,Karnataka,Chikkaballapura,Sidlaghatta,13.5316,77.8591,2026-09-14 12:09:11,27.194,0.3239637549481692,SAFE,26.978
020830,Karnataka,Belagavi,Ramdurg,16.0656,75.4243,2026-09-14 12:09:11,34.751,0.30189618526353,SAFE,34.47966666666667
070614,Karnataka,Chitradurga,Holalkere,14.0969,76.2743,2026-09-14 12:09:11,28.664,0.3385743832226056,SAFE,28.53833333333333
070527,Karnataka,Chitradurga,Hiriyur,13.835,76.74708,2026-09-14 12:09:11,8.033,0.3550672391024121,SAFE,8.203666666666667
110504,Karnataka,Hassan,Channarayapatna,12.975833,76.306389,2026-09-14 12:09:11,16.355,0.3602385371422046,SAFE,16.471333333333334
090225,Karnataka,Dharwad,Dharwad,15.511031,75.136104,2026-09-14 12:09:11,4.599,0.3579534722046298,SAFE,4.593333333333334
070237,Karnataka,Chitradurga,Chitradurga,14.185,76.2333,2026-09-14 12:09:11,3.686,0.3507983468165283,SAFE,3.616
010316,Karnataka,Bengaluru Urban,Bengaluru South,12.92915,77.51733,2026-09-14 12:09:11,18.086,0.3560805751956961,SAFE,18.07733333333333
130805,Karnataka,Kolar,Malur,12.9875,77.9375,2026-09-14 12:09:11,74.173,0.2241405669074355,SAFE,74.39366666666666
130215,Karnataka,Kolar,K.G.F,12.95472,78.346111,2026-09-14 12:09:11,23.933,0.289159858015365,SAFE,22.81266666666667
010842,Karnataka,Ramanagara,Kanakapura,12.533811,77.333525,2026-09-14 12:09:11,88.818,0.2073420676343108,SAFE,88.81766666666665
250739,Karnataka,Tumakuru,Sira,14.005768,76.863574,2026-09-14 12:09:11,9.554,0.1984435037297481,SAFE,8.568333333333333
011019,Karnataka,Bengaluru Rural,Nelamangala,13.209,77.32,2026-09-14 12:09:11,187.744,0.0215849950440936,SAFE,187.82533333333333
070616,Karnataka,Chitradurga,Holalkere,14.0366,76.1379,2026-09-14 12:09:11,3.46,0.3497234257050305,SAFE,3.4676666666666667
130315,Karnataka,Chikkaballapura,Chik Ballapur,13.4897,77.7311,2026-09-14 12:09:12,23.197,0.3498490803358027,SAFE,23.221666666666664
150203,Karnataka,Chamrajnagar,Gundlupet,11.8156,76.7921,2026-09-14 12:09:12,10.91,0.359667198540354,SAFE,10.660333333333334
010823,Karnataka,Ramanagara,Kanakapura,12.598322,77.375724,2026-09-14 12:09:12,100.891,0.1876170522796414,SAFE,100.90366666666668
011107,Karnataka,Ramanagara,Ramanagaram,12.790884,77.222036,2026-09-14 12:09:12,36.974,0.2628989293739492,SAFE,35.05566666666667
130737,Karnataka,Kolar,Kolar,13.25715,77.982297,2026-09-14 12:09:12,36.215,0.3177752747665208,SAFE,36.23066666666667
250814,Karnataka,Tumakuru,Tiptur,13.176964,76.490386,2026-09-14 12:09:12,11.073,0.3650521341842737,SAFE,11.103333333333332
190109,Karnataka,Uttara Kannada,Ankola,14.7267,74.2839,2026-09-14 12:09:12,9.477,0.3649342385775753,SAFE,9.442333333333332
250826,Karnataka,Tumakuru,Tiptur,13.260889,76.513385,2026-09-14 12:09:12,6.264,0.3501401560764967,SAFE,5.962666666666666
130829,Karnataka,Kolar,Malur,12.9993,78.05352,2026-09-14 12:09:12,3.504,0.3494623280861657,SAFE,3.4933333333333336
130815,Karnataka,Kolar,Malur,13.09778,77.913056,2026-09-14 12:09:12,227.462,-0.0190002953829923,WATCH,227.359
110214HP,Karnataka,Hassan,Arkalgud,12.755278,75.962222,2026-09-14 12:09:12,17.61,0.3544583487338942,SAFE,17.814
250757,Karnataka,Tumakuru,Sira,13.586998,76.948892,2026-09-14 12:09:12,3.612,0.3294993847579039,SAFE,3.474
130438,Karnataka,Chikkaballapura,Chintamani,13.47626,78.17391,2026-09-14 12:09:12,45.031,0.2934161158285837,SAFE,45.03366666666667
250404,Karnataka,Tumakuru,Kunigal,12.922289,76.933036,2026-09-14 12:09:12,20.113,0.3532343496490332,SAFE,20.08033333333333
010921,Karnataka,Ramanagara,Magadi,13.13813,77.14998,2026-09-14 12:09:12,39.059,0.1861975319972192,SAFE,40.98666666666667
140707,Karnataka,Mandya,Shrirangapattana,12.41084,76.81385,2026-09-14 12:09:12,5.791,0.3265833501829173,SAFE,6.203
150127,Karnataka,Chamrajnagar,Chamrajnagar,11.9625,76.8816,2026-09-14 12:09:12,39.681,0.3121150381642971,SAFE,39.68966666666667
090702HP,Karnataka,Dharwad,Hubballi,15.223357,75.141104,2026-09-14 12:09:12,13.111,0.3679257479991619,SAFE,13.145666666666664
070251,Karnataka,Chitradurga,Chitradurga,14.2038,76.3599,2026-09-14 12:09:12,33.275,0.3234363636027431,SAFE,33.09366666666667
070522,Karnataka,Chitradurga,Hiriyur,14.0654,76.4532,2026-09-14 12:09:12,13.845,0.3680315660623489,SAFE,13.837333333333332
070249,Karnataka,Chitradurga,Chitradurga,14.2563,76.3387,2026-09-14 12:09:12,28.611,0.3316856219491205,SAFE,28.90133333333333
160104HP,Karnataka,Raichur,Devadurga,16.27759,76.95128,2026-09-14 12:09:12,3.272,0.2948293945241453,SAFE,2.619666666666667
050133,Karnataka,Bagalkot,Badami,15.947,75.7538,2026-09-14 12:09:12,6.264,0.3651280799402999,SAFE,6.308666666666667
250824,Karnataka,Tumakuru,Tiptur,13.326646,76.367002,2026-09-14 12:09:12,43.548,0.2623540420845355,SAFE,44.18966666666666
250748,Karnataka,Tumakuru,Sira,13.806836,76.96126,2026-09-14 12:09:12,78.496,0.1425512241036223,SAFE,79.75166666666667
50411HP,Karnataka,Vijayapura,Bobleshwar,16.5497,75.5923,2026-09-14 12:09:12,12.624,0.3659922410039636,SAFE,12.624666666666668
190309,Karnataka,Uttara Kannada,Haliyal,15.25101,74.85348,2026-09-14 12:09:12,10.063,0.3375264367858588,SAFE,10.685
150222,Karnataka,Chamrajnagar,Gundlupet,11.8754,76.6014,2026-09-14 12:09:12,24.401,0.3474735863561983,SAFE,24.43733333333333
151012,Karnataka,Mysuru,T Narsipur,12.1338,76.9483,2026-09-14 12:09:12,24.869,0.3270888921562354,SAFE,25.280666666666665
140113,Karnataka,Mandya,Krishnarajpet,12.56277,76.52748,2026-09-14 12:09:12,7.27,0.3643912364118611,SAFE,7.290666666666667
020815,Karnataka,Belagavi,Ramdurg,15.9902,75.3416,2026-09-14 12:09:12,109.156,0.1695245848003818,SAFE,109.15566666666666
060203HP,Karnataka,Chikkamagaluru,Kadur,13.435678,75.918823,2026-09-14 12:09:12,16.353,0.3608516606248043,SAFE,16.508
130612,Karnataka,Chikkaballapura,Gudibanda,13.646504,77.832998,2026-09-14 12:09:12,50.905,0.2824170400835132,SAFE,50.863
130610,Karnataka,Chikkaballapura,Gudibanda,13.68625,77.74433,2026-09-14 12:09:12,72.79,0.2371295121714189,SAFE,72.76866666666668
040103HP,Karnataka,Bidar,Aurad,18.29099,77.32628,2026-09-14 12:09:12,1.645,0.3302081276015126,SAFE,1.652
130724,Karnataka,Kolar,Kolar,13.18451,77.967677,2026-09-14 12:09:12,13.242,0.3679628504578943,SAFE,13.232
131021,Karnataka,Chikkaballapura,Sidlaghatta,13.308019,77.909457,2026-09-14 12:09:12,293.652,-0.0370867986493769,WATCH,293.6433333333333
110354,Karnataka,Hassan,Arsikere,13.1291,76.3039,2026-09-14 12:09:12,40.762,0.3074485813672711,SAFE,40.674
150603,Karnataka,Mysuru,Saligrama,12.5814,76.2082,2026-09-14 12:09:12,26.739,0.3380753744268025,SAFE,26.68733333333333
250740,Karnataka,Tumakuru,Sira,13.664249,76.936248,2026-09-14 12:09:12,7.008,0.3646443764240353,SAFE,6.9863333333333335
050217,Karnataka,Bagalkot,Bagalkot,16.1284,75.6956,2026-09-14 12:09:12,42.332,0.2855799246573163,SAFE,41.78066666666667
020822,Karnataka,Belagavi,Ramdurg,15.8807,75.4327,2026-09-14 12:09:12,4.318,0.3561955081983634,SAFE,4.324333333333334
150711,Karnataka,Mysuru,Mysuru,12.3563,76.0442,2026-09-14 12:09:12,9.926,0.3661714533715985,SAFE,9.911
070158,Karnataka,Chitradurga,Challakere,14.4598,76.6155,2026-09-14 12:09:12,4.91,0.3569051285556743,SAFE,4.928666666666666
150610,Karnataka,Mysuru,K R Nagar,12.4505,76.2995,2026-09-14 12:09:12,12.489,0.3386958319341791,SAFE,13.340666666666666
250741,Karnataka,Tumakuru,Sira,13.905256,77.009109,2026-09-14 12:09:12,52.801,0.2553485457655366,SAFE,52.51266666666666
050149,Karnataka,Bagalkot,Badami,15.9952,75.4753,2026-09-14 12:09:12,74.206,0.2358312190943864,SAFE,74.20333333333333
130534,Karnataka,Chikkaballapura,Gauribidanur,13.65041,77.569,2026-09-14 12:09:12,27.509,0.214083729685292,SAFE,24.13166666666667
250329,Karnataka,Tumakuru,Koratagere,13.5277286,77.1286526,2026-09-14 12:09:12,26.315,0.3339658900860681,SAFE,26.114
150609,Karnataka,Mysuru,Saligrama,12.60311,76.27025,2026-09-14 12:09:12,12.717,0.3486203430512377,SAFE,12.407000000000002
160704HP,Karnataka,Raichur,Raichur,16.065,77.2412,2026-09-14 12:09:12,1.369,0.3260316186063151,SAFE,1.359
040202BW,Karnataka,Bidar,Bidar,17.74701,77.40062,2026-09-14 12:09:12,8.509,0.2759845134496581,SAFE,10.083666666666666
070240,Karnataka,Chitradurga,Chitradurga,14.1761,76.3119,2026-09-14 12:09:12,27.62,0.3126940034471235,SAFE,27.244333333333334
131127,Karnataka,Kolar,Srinivaspur,13.30181,78.194674,2026-09-14 12:09:12,31.161,0.3331971042245549,SAFE,31.124666666666663
130302,Karnataka,Chikkaballapura,Chik Ballapur,13.457567,77.62715,2026-09-14 12:09:12,14.764,0.364432921410063,SAFE,14.662
010810,Karnataka,Ramanagara,Kanakapura,12.433873,77.493363,2026-09-14 12:09:12,41.979,0.2911784097056103,SAFE,42.30566666666667
131031,Karnataka,Chikkaballapura,Sidlaghatta,13.304647,77.84347,2026-09-14 12:09:12,282.894,-0.0450452408396411,WATCH,282.7176666666667
250121,Karnataka,Tumakuru,Chiknayakanhalli,13.372958,76.634452,2026-09-14 12:09:12,89.761,0.1842418850703163,SAFE,90.00366666666667
130519,Karnataka,Chikkaballapura,Gauribidanur,13.587514,77.437278,2026-09-14 12:09:12,9.667,0.3655875372219662,SAFE,9.688
140111,Karnataka,Mandya,Krishnarajpet,12.60318,76.55042,2026-09-14 12:09:12,3.251,0.3497305797033619,SAFE,3.3029999999999995
250131,Karnataka,Tumakuru,Chiknayakanhalli,13.502241,76.442541,2026-09-14 12:09:12,15.277,0.3647696875498046,SAFE,15.28
080414,Karnataka,Dakshina Kannada,Kadaba,12.838,75.4037,2026-09-14 12:09:12,14.525,0.3647401385697873,SAFE,14.476666666666668
010807,Karnataka,Ramanagara,Kanakapura,12.484175,77.368586,2026-09-14 12:09:12,28.612,0.3406425727438831,SAFE,28.611666666666668
070152,Karnataka,Chitradurga,Challakere,14.2867,76.5459,2026-09-14 12:09:12,15.743,0.3648871107934982,SAFE,15.745666666666668
130734,Karnataka,Kolar,Kolar,13.12216,78.168738,2026-09-14 12:09:12,33.684,0.3204539324446188,SAFE,33.818000000000005
131029,Karnataka,Chikkaballapura,Sidlaghatta,13.34008,77.818358,2026-09-14 12:09:12,139.826,0.1041982865535008,SAFE,139.85133333333332
110344,Karnataka,Hassan,Arsikere,13.2839,76.2238,2026-09-14 12:09:12,33.862,0.3215408528335302,SAFE,33.89833333333333
070232,Karnataka,Chitradurga,Chitradurga,14.2675,76.2355,2026-09-14 12:09:12,27.903,0.3057405719322572,SAFE,28.540333333333333
250746,Karnataka,Tumakuru,Sira,13.793728,76.922406,2026-09-14 12:09:12,47.553,0.2849688557720202,SAFE,47.458
010744,Karnataka,Bengaluru Rural,Hoskote,13.186,77.808,2026-09-14 12:09:12,30.534,0.3323434681944431,SAFE,30.623
250821,Karnataka,Tumakuru,Tiptur,13.304035,76.417137,2026-09-14 12:09:13,34.923,0.2373881067097943,SAFE,36.565333333333335
150230,Karnataka,Chamrajnagar,Gundlupet,11.8814,76.6753,2026-09-14 12:09:13,44.346,0.2992741326318872,SAFE,44.395333333333326
250758,Karnataka,Tumakuru,Sira,13.696489,76.915872,2026-09-14 12:09:13,57.979,0.2225183747768053,SAFE,56.514
070238,Karnataka,Chitradurga,Chitradurga,14.3194,76.2378,2026-09-14 12:09:13,16.183,0.3270940210055695,SAFE,15.815
110519,Karnataka,Hassan,Channarayapatna,12.940556,76.361944,2026-09-14 12:09:13,34.894,0.3178553692567135,SAFE,34.89266666666666
250834,Karnataka,Tumakuru,Tiptur,13.328525,76.4586,2026-09-14 12:09:13,6.705,0.3603996169879188,SAFE,6.832999999999999
140611,Karnataka,Mandya,Pandavapura,12.54005,76.59864,2026-09-14 12:09:13,27.349,0.3206727666921319,SAFE,27.906
110342,Karnataka,Hassan,Arsikere,13.158,76.345,2026-09-14 12:09:13,23.283,0.344723813624733,SAFE,23.108000000000004
110350,Karnataka,Hassan,Arsikere,13.098,76.3244,2026-09-14 12:09:13,22.688,0.3502793491593667,SAFE,22.684
140311,Karnataka,Mandya,Malavalli,12.40952,77.12409,2026-09-14 12:09:13,12.419,0.3654255773811762,SAFE,12.456333333333331
110420,Karnataka,Hassan,Belur,13.1732,75.8747,2026-09-14 12:09:13,11.172,0.3427324975060535,SAFE,11.655666666666669
140421,Karnataka,Mandya,Mandya,12.5483,76.96025,2026-09-14 12:09:13,6.169,0.3644020323615838,SAFE,6.228333333333333
130544,Karnataka,Chikkaballapura,Gauribidanur,13.57737,77.60648,2026-09-14 12:09:13,79.679,0.152351422230264,SAFE,77.99133333333333
020511B,Karnataka,Belagavi,Mudalgi,16.2389,75.1784,2026-09-14 12:09:13,9.358,0.3532405674749392,SAFE,9.321666666666664
131111,Karnataka,Kolar,Srinivaspur,13.53056,78.340278,2026-09-14 12:09:13,9.698,0.3655536840489976,SAFE,9.708666666666668
011125,Karnataka,Ramanagara,Ramanagaram,12.665256,77.326452,2026-09-14 12:09:13,41.448,0.3081362995055582,SAFE,41.424
250724,Karnataka,Tumakuru,Sira,13.682158,76.800164,2026-09-14 12:09:13,16.172,0.3492860289925739,SAFE,16.557
250726,Karnataka,Tumakuru,Sira,13.821067,76.914106,2026-09-14 12:09:13,14.918,0.3096839283696959,SAFE,13.416000000000002
250122,Karnataka,Tumakuru,Chiknayakanhalli,13.377577,76.56115,2026-09-14 12:09:13,13.091,0.1618048564114099,SAFE,16.739
070835,Karnataka,Davangere,Jagalur,14.6772,76.26,2026-09-14 12:09:13,14.238,0.3455388650744505,SAFE,14.666333333333334
070145,Karnataka,Chitradurga,Challakere,14.4739,76.5145,2026-09-14 12:09:13,2.617,0.3418576950132936,SAFE,2.6046666666666667
131032,Karnataka,Chikkaballapura,Sidlaghatta,13.479047,77.903915,2026-09-14 12:09:13,149.582,0.0860272480234267,SAFE,149.58533333333332
150219,Karnataka,Chamrajnagar,Gundlupet,11.705,76.7322,2026-09-14 12:09:14,45.052,0.2953981832606259,SAFE,45.133
020513,Karnataka,Belagavi,Mudalgi,16.3379,74.9653,2026-09-14 12:09:14,17.093,0.1535266239202495,SAFE,21.84833333333333
020228,Karnataka,Belagavi,Athni,16.665,75.2368,2026-09-14 12:09:14,18.263,0.1822311878769934,SAFE,22.109
060208HP,Karnataka,Chikkamagaluru,Kadur,13.51021,75.966222,2026-09-14 12:09:14,21.602,0.3528867229804749,SAFE,21.57166666666667
150238,Karnataka,Chamrajnagar,Gundlupet,11.8395,76.7485,2026-09-14 12:09:14,70.224,0.1927019168216381,SAFE,71.02166666666666
130926,Karnataka,Kolar,Mulbagal,13.2802,78.333176,2026-09-14 12:09:14,1.731,0.3238657125934325,SAFE,1.742
140128,Karnataka,Mandya,Krishnarajpet,12.71427,76.45834,2026-09-14 12:09:15,20.782,0.3468495549433245,SAFE,20.735666666666663
140618,Karnataka,Mandya,Pandavapura,12.50305,76.52576,2026-09-14 12:09:15,22.846,0.3514209076962885,SAFE,22.883
140619,Karnataka,Mandya,Pandavapura,12.50305,76.52576,2026-09-14 12:09:15,22.846,0.3514209076962885,SAFE,22.883
130507,Karnataka,Chikkaballapura,Gauribidanur,13.55465,77.520753,2026-09-14 12:09:15,25.191,0.3416787493211137,SAFE,25.27733333333333
050128,Karnataka,Bagalkot,Badami,16.0669,75.707,2026-09-14 12:09:15,3.888,0.2836713685381209,SAFE,3.2743333333333333
151011,Karnataka,Mysuru,T Narsipur,12.1888,76.8671,2026-09-14 12:09:15,10.797,0.3676645453703644,SAFE,10.798666666666668
070108,Karnataka,Chitradurga,Challakere,14.1957,76.82445,2026-09-14 12:09:15,8.466,0.3467265761708291,SAFE,8.432666666666666
150721,Karnataka,Mysuru,Mysuru,12.305,76.5964,2026-09-14 12:09:16,35.908,0.3097779889130974,SAFE,35.917
131034,Karnataka,Chikkaballapura,Sidlaghatta,13.35877,77.9118,2026-09-14 12:09:16,40.524,0.298439043176442,SAFE,40.412
070153,Karnataka,Chitradurga,Challakere,14.2027,76.9737,2026-09-14 12:09:16,11.081,0.365873823033815,SAFE,11.082999999999998
140416,Karnataka,Mandya,Mandya,12.47752,76.93695,2026-09-14 12:09:16,8.431,0.3518106938438493,SAFE,8.01
050507,Karnataka,Bagalkot,Bilgi,16.2642,75.4381,2026-09-14 12:09:17,5.971,0.3622152433944143,SAFE,5.979666666666667
050504,Karnataka,Bagalkot,Bilgi,16.3945,75.4517,2026-09-14 12:09:17,15.62,0.2780431252549684,SAFE,14.193999999999996
170203HP,Karnataka,Davangere,Channagiri,13.8546,75.962,2026-09-14 12:09:17,2.127,0.3319123045473258,SAFE,2.0816666666666666
070409,Karnataka,Davangere,Harihar,14.3661,75.893,2026-09-14 12:09:17,9.807,0.3653397366906716,SAFE,9.751
050426HP,Karnataka,Vijayapura,Tikota,16.933,75.3803,2026-09-14 12:09:17,15.541,0.3490803596973625,SAFE,15.655666666666669
050214,Karnataka,Bagalkot,Bagalkot,16.2327,75.798,2026-09-14 12:09:17,13.025,0.3667065630316138,SAFE,13.038333333333332
070407,Karnataka,Davangere,Harihar,14.3568,75.741,2026-09-14 12:09:17,13.207,0.3533395841655795,SAFE,13.120333333333337
090804HP,Karnataka,Dharwad,Kalghatgi,15.31726,75.00832,2026-09-14 12:09:17,10.361,0.3549891072148686,SAFE,10.650333333333334
050152,Karnataka,Bagalkot,Guledagudda,16.0147,75.8553,2026-09-14 12:09:17,21.086,0.3519371137163229,SAFE,21.078666666666667
020222,Karnataka,Belagavi,Athni,16.7919,75.3373,2026-09-14 12:09:17,16.923,0.3614694349511709,SAFE,16.995
050124,Karnataka,Bagalkot,Badami,15.8385,75.6127,2026-09-14 12:09:17,8.586,0.3662209988954415,SAFE,8.595333333333333
090209HP,Karnataka,Dharwad,Dharwad,15.54811,74.85287,2026-09-14 12:09:18,40.355,0.2935867776610528,SAFE,40.56766666666666
130433,Karnataka,Chikkaballapura,Chintamani,13.312791,78.081313,2026-09-14 12:09:18,7.129,0.364809520667156,SAFE,7.126333333333334
050142,Karnataka,Bagalkot,Guledagudda,16.0741,75.6473,2026-09-14 12:09:18,130.726,0.1279853726548152,SAFE,130.71266666666668
250946,Karnataka,Tumakuru,Tumakuru,13.446226,77.143411,2026-09-14 12:09:18,67.138,0.2345927764517317,SAFE,67.063
021016A,Karnataka,Belagavi,Saundatti,15.8178,75.2227,2026-09-14 12:09:18,30.927,0.3339494053296671,SAFE,30.925
030805,Karnataka,Ballari,Siruguppa,15.434692,76.951477,2026-09-14 12:09:18,2.071,0.3318017113398026,SAFE,2.106
050123,Karnataka,Bagalkot,Badami,16.0202,75.7038,2026-09-14 12:09:18,3.541,0.3498466401007779,SAFE,3.5483333333333333
050317HP,Karnataka,Vijayapura,Basavana Bagevadi,16.7478,75.94,2026-09-14 12:09:18,4.686,0.3578309021220203,SAFE,4.667666666666666
020836,Karnataka,Belagavi,Ramdurg,15.8795,75.4019,2026-09-14 12:09:18,9.405,0.3003213591938856,SAFE,10.337333333333332
150917,Karnataka,Mysuru,Piriyapatna,12.3118,76.0409,2026-09-14 12:09:18,34.086,0.2563916083726703,SAFE,32.900666666666666
110611,Karnataka,Hassan,Hassan,12.894444,76.161111,2026-09-14 12:09:18,15.921,0.3621419040547644,SAFE,16.049
250333,Karnataka,Tumakuru,Koratagere,13.440617,77.285962,2026-09-14 12:09:18,66.871,0.2510552340227683,SAFE,66.86833333333334
050110,Karnataka,Bagalkot,Badami,15.9897,75.6583,2026-09-14 12:09:19,50.689,0.2799683935761734,SAFE,50.68699999999999
130714,Karnataka,Kolar,Kolar,13.09944,78.255556,2026-09-14 12:09:19,57.407,0.2325817573588613,SAFE,57.829
050137,Karnataka,Bagalkot,Badami,16.116,75.664,2026-09-14 12:09:19,63.086,0.2559149600405197,SAFE,63.09933333333333
020838,Karnataka,Belagavi,Ramdurg,15.9333345,75.3253642,2026-09-14 12:09:19,19.502,0.1031900623433084,SAFE,27.127
050127,Karnataka,Bagalkot,Badami,15.9376,75.4361,2026-09-14 12:09:19,17.702,0.3560737371936808,SAFE,17.688333333333333
150223,Karnataka,Chamrajnagar,Gundlupet,11.8422,76.7064,2026-09-14 12:09:19,34.082,0.3212120146487466,SAFE,34.080000000000005
050603,Karnataka,Bagalkot,Hungund,16.0928,75.8656,2026-09-14 12:09:20,17.424,0.3623296234971943,SAFE,17.42
051113,Karnataka,Vijayapura,Sindgi,16.8648,76.3494,2026-09-14 12:09:20,34.995,0.3188536138899989,SAFE,35.00333333333333
081101,Karnataka,Udupi,Baindur,13.874544,74.62703,2026-09-14 12:09:20,11.439,0.3498252979242901,SAFE,11.453666666666669
050125,Karnataka,Bagalkot,Badami,15.8467,75.7584,2026-09-14 12:09:21,14.574,0.356052032811098,SAFE,14.781333333333334
050131,Karnataka,Bagalkot,Badami,15.9255,75.7771,2026-09-14 12:09:21,7.132,0.3650649984292127,SAFE,7.151
130512,Karnataka,Chikkaballapura,Gauribidanur,13.704475,77.622986,2026-09-14 12:09:21,22.174,0.3525261487774571,SAFE,22.21066666666667
011117,Karnataka,Ramanagara,Ramanagaram,12.803643,77.255318,2026-09-14 12:09:23,15.609,-0.0178394988526877,WATCH,35.321
010220,Karnataka,Bengaluru Urban,Bengaluru North,12.92808,77.61686,2026-09-14 12:09:36,6.66,0.3629102981949592,SAFE,6.634333333333333
